,PC1,PC2,PC3,PC4,PC5,PC6,PC7,PC8,PC9,PC10,PC11,PC12,PC13,PC14,PC15,PC16,PC17,PC18,PC19,PC20,PC21,PC22,PC23,PC24,PC25,PC26
Barely noticeable visual details rarely catch my attention.,-0.1035664720051523,0.18256443803842654,0.010933226027050274,-0.07849083966069476,0.10826168841870346,-0.0677785564603786,0.22670950178924232,-0.09024244740201823,-0.204030132246667,0.03562079014325441,0.19675506224881217,0.09981092842480184,0.19492164939731513,0.3480916914614973,0.21855867059598963,-0.007428605809502689,0.07538587094037753,0.23447663544389147,0.03702600742134464,-0.10506126659898882,0.08480213407501626,0.014545606616181145,0.14148749442282268,0.10182841478479854,-0.004682615377167962,0.10546910173827777
Colorful flashing lights bother me.,0.12456668373460718,0.12713404757773103,-0.07258903275677586,0.011709312380573895,0.05758469298250688,-0.17871508669472772,-0.027925477747012612,0.2577641481587883,0.09628236043528038,-0.0869333142493169,-0.013034736210747518,0.1258306846744939,0.07608032376726419,0.05406720048135921,0.17439721778837938,0.019100409862221588,0.1216094718639353,-0.05626656096998595,-0.011131378387106379,-0.17865420362498374,0.05132998591033399,0.06889959700888558,-0.043273530590007415,0.15567946934930402,0.07300237668118864,0.1513438835394069
Creative ideas sometimes present themselves to me without effort.,0.033487889413409425,-0.14241815588694723,0.14738185477176696,0.15606449573196118,-0.05669268820523132,-0.051212093831867214,0.06849512366057146,-0.09697566813344206,0.10583481885907738,0.14902566554724944,-0.01775463684335872,0.0023132117962548055,0.15967785712866014,0.1531245329154764,0.12415330167176371,-0.0032033516065244796,-0.11585334803438838,-0.20768171848307979,-0.06753939178345973,-0.039095536650705545,0.01794806782096873,0.029850058467483783,-0.08309123329611709,0.021710456434470005,0.1328584829041009,-0.06676914308806205
"Even when I feel energized, I can usually sit still without much trouble if it's necessary.",-0.029561871224327893,0.0032691242445173512,0.18385708442941354,-0.026353450569861485,-0.0692591930695059,0.06057224752078488,-0.10423440816774768,0.002025883762858452,-0.01642585889953095,0.019291618382433665,0.14106920950642018,0.048281727274787106,0.16652933504891967,0.3005990236893136,-0.266650230911939,0.07157261118303257,0.08150603366482677,0.19789296932424552,0.016804162535178684,0.15399190336898147,0.016123471433670728,-0.02180995629183641,-0.18904405856047785,0.299323026144216,-0.04679559545619463,0.01363004312251375
I am often aware how the color and lighting of a room affects my mood.,0.17734476342820477,-0.03989772771598481,0.09807833756479195,0.1227571420249937,0.11092728670168098,-0.14266065870591293,-0.1776310952833589,-0.05270478250539123,0.051651106973036376,0.05151326480519627,-0.03581860604158797,-0.09491077037327689,-0.10084652964730724,0.08349331759841135,0.08363683163875175,0.0741684613768978,0.013072767469950156,0.02779948497470585,0.00947849202597591,0.05664229022733531,0.045294969719637174,0.030501938411517986,0.07490489621857165,-0.015060099314392488,0.03009752806223928,0.04603963559106891
I am often aware of how the weather affects my mood.,0.161271507130854,0.028384292632255857,0.09839112508987777,0.14648464490548604,0.23871452341227642,-0.16104209891712282,-0.04399123723720964,0.13332435728657213,0.06589357830130588,-0.0778660391940806,0.14970321562908567,-0.09361800777273815,-0.12242605257892611,-0.054668729689215156,-0.03711212969420355,0.05689706323782205,0.2770917769390081,-0.11330345450207333,-0.11525533325315662,-0.04254539786446509,0.058660758291490755,0.009102354234973253,0.012402851211208243,-0.09214010253731011,-0.21259749221946506,-0.04135519140280628
I am often aware of the sounds of birds in my vicinity.,0.1653515586422568,0.05791751699222397,0.10355150247036732,-0.03161109476483262,0.013922891566059388,-0.1259667273631135,-0.19415032238204688,0.0026529478164020164,0.018724034497805377,0.021679210505475534,-0.010221681715860789,0.06267539192040321,-0.1050300191273661,0.14634282130460619,-0.08930601974317821,0.22521264638753374,0.05619698684031101,0.008969545183910648,0.1411365858821189,-0.1172161382684322,0.016938629694121868,0.07430754801440016,0.11696613242815031,-0.16638508115100356,0.06724034042206962,0.003677343503243435
I am often bothered by light that is too bright.,0.14138432559759737,0.11274027163930997,0.0426461588881029,-0.07660397563633407,-0.005346571604969737,-0.22608353502219558,-0.20080075523166366,0.1044053266325523,-0.13028301977273615,-0.06266698198722666,-0.08773656192060789,-0.07579225816373121,0.11171009170926259,0.09880097714793255,-0.09193204460285066,-0.1368224009683093,-0.13323673703307246,-0.005065493203757709,0.1649946363028833,0.03914804861611002,0.07699823611961021,-0.1545801712229343,0.020708868079698534,-0.029796464739468457,-0.0995341490144576,-0.004724541631931827
I am often late for appointments.,0.09173920625134283,0.08614403951195797,-0.12457089185464355,0.16993989971717924,-0.1336397154498325,-0.08544705131647522,0.16787951624069328,-0.03418748497788641,0.17367574575895903,-0.06982878117750183,-0.15837589936810195,0.0691220480861307,-0.12845317191739414,0.16436430534713467,0.04142440574727497,0.1203319369005064,-0.22126306463651088,0.05022638523790271,-0.2578585101620117,-0.12829188643279638,-0.11557768336991572,0.12570757106543295,-0.07493727180458212,0.03585234487370798,-0.13030997048860757,0.07794192136223335
I am rarely aware of textures of things I hold.,-0.10721324857407777,0.13869782037554465,0.20694106330998963,0.13788116846859272,0.1300497509525787,0.024733756804569518,0.17248576266382076,-0.1124909813372174,-0.07279398447793027,0.1023630463739552,-0.055545335569187435,0.3575446495488917,-0.1898453263863548,-0.15551917102845011,-0.04102204781684249,0.12425061430845516,-0.12545712787533794,-0.09090067173010577,0.26175333235431586,-0.022923538426707444,0.18734043069904152,-0.11560246625380392,-0.10898415647915422,0.04593813521173029,0.039500295132149824,0.014530431067673147
I am usually a patient person.,-0.013094517742206801,-0.03727132950729095,0.15733839743885245,0.06794380307137113,-0.02253492969016945,0.010915903463671313,0.012685261561396223,-0.08057504521820669,0.17553217896317735,-0.13960473617557342,-0.0012956712592258476,-0.04117758153440473,0.00927082843345674,0.1287472843544058,-0.10483283109179661,-0.028001688058710943,0.029608989975839994,0.04138665185971611,-0.15288558164648824,-0.02086770456634202,-0.0907015561463184,0.15553578688949085,0.039845685060593876,0.05800753366203646,0.033282540642923124,0.09276993495710951
I become easily frightened.,0.09756395286283462,0.1730020499466633,-0.0901251350241759,0.02362424264990584,-0.1079657404791007,-0.1220568320239501,0.08746948720447591,-0.020169415534319293,0.0026672008697789396,-0.14501967812227204,0.0821061031093365,0.09942033945482506,-0.08447654921264966,-0.05725010320860024,-0.1761181108127323,-0.18402925297966316,0.018468053734782004,0.18182093343202835,-0.014275272319740392,-0.1560654262439065,0.1097663110239218,0.24643238753338034,0.026945877194218464,-0.06687197197435682,-0.09955389126690183,-0.09043401087164421
I can easily resist talking out of turn.,-0.06321497487087002,0.08168939169192387,0.1378151145994931,0.010838644077730906,-0.08359415761174023,0.03749100233630621,-0.07783191595478105,-0.11012915607708491,0.08164868612620955,-0.17751470759125426,0.06143066100461797,-0.04509730211550207,0.08048226924683602,0.08715011411177001,-0.018086073672488715,0.12346143662655461,-0.011754279405421314,0.06498705324543759,-0.15514127192696806,0.06179691607603037,-0.06411740960617074,-0.06592820954260273,0.08604428935112965,-0.18282639662044436,0.07890483952846171,-0.031954413128070604
I can keep performing a task even when I would rather not do it.,-0.030417707275174004,-0.03621478790338285,0.1369732034040156,0.01027604745975147,-0.026694972377618004,-0.05289912183388229,-0.027536012549710005,-0.028187354453799454,-0.030278496056260724,0.09667861195519918,0.013975141980557392,-0.04072751522646732,0.1474281236310578,-0.08847499419014473,-0.1042884041392197,-0.13850177435077263,-0.031257950632050044,-0.035417625978249496,-0.06269311372760764,0.16296584710140635,0.08087021089028748,0.16102902904509944,0.02607775699554897,-0.2100403796462816,-0.0347666361215415,0.04477528866828754
I can make myself work on a difficult task even when I don’t feel like trying.,-0.018227383659871303,0.012562560201005744,0.0674239691783342,0.06863229401364808,-0.009023734929453055,0.0028974339164181662,-0.062585494534348,0.062275046198189805,-0.05986720011103402,0.07914699390986873,0.013841260864699414,0.02971027315117988,0.1298554175320088,-0.06593441121968739,-0.07442711531441648,0.0013318490974236173,-0.10969857187156314,0.0987235033139835,-0.07059613329021737,0.1363580009024904,0.0920070969997734,0.2103615667522578,0.1357972942030678,0.05319235912652542,0.10496625352951157,0.11074194869200732
I especially enjoy conversations where I say things without thinking first.,0.07747422523564701,0.09041416562017994,0.06521499166266125,-0.057067278511260915,-0.01431672044153268,0.150319939167871,0.2012351275080513,0.11763671709832661,-0.12863783317944982,0.1279829170298651,0.04562072978165991,0.0069451031053324045,-0.07769327897195359,0.28552724209048946,-0.20292405942049094,-0.17172184333040033,0.04388622560113591,-0.011943096446553713,-0.23840971708612196,0.09549274014025964,0.20875109062558397,0.1710537846400677,0.15507124100766628,-0.13033743838624734,-0.0794478778838304,-0.22760083594330213
I find certain scratchy sounds very irritating.,0.16776921409451562,-0.009511713787123744,0.11461901588459315,-0.040053017890804676,-0.10049196870475964,0.1631414919525307,-0.0466691610750883,-0.06765006075100605,0.1510958963990172,-0.1661144966336649,-0.003715325434750588,-0.18019241862503066,-0.1658291387033529,-0.020160247787804307,0.1778297704727636,-0.03579158071834289,0.0075060936222275205,0.11807982350988677,0.03722390825231006,0.0963548511784364,0.2718260954641635,-0.1576124630114234,0.10997276744811157,0.14288122523428481,0.1806157286470497,-0.04864999452362075
I find it very annoying when a store does not stock an item that I wish to buy.,0.12374915674841613,0.10507848140834525,-0.029791839352325027,-0.10492039182634962,-0.12818555697443762,0.15204066427876747,0.0185004378997846,-0.0017975443127673512,0.051080355103198395,-0.20504939758450869,-0.015490149757218626,-0.19958790124543602,-0.027815496612094308,-0.08894797194603368,-0.022633976094043044,0.04221043055978481,0.07543304526546235,0.02292403860960379,0.06983155766748644,0.0777169165812274,0.10221455953219383,-0.006770854845686752,-0.024668119353566467,0.07549638993149572,0.2220450940010955,0.08804736076709462
I find loud noises to be very irritating.,0.1557611334280158,0.11481475357075656,-0.16588362533377415,-0.04950096765835253,-0.024020048900773958,0.1547226021368252,0.05190299064756851,-0.003119334203798966,0.07791843350570268,-0.06940461647535241,0.09630616049382897,-0.1034652469287362,-0.011889546691641073,0.02593541825302774,-0.008557237751983086,-0.010738272105194867,0.19910367028363835,-0.0043450387374936355,-0.0028741641069017243,0.04325616287227372,0.05773415888192,0.058633961465848136,-0.0062866691636989346,0.12658534398228946,-0.08714231758087622,-0.015301080207270557
I like conversations that include several people.,0.038229519649082985,-0.022179950581039116,0.1348963687687287,-0.07675993061867184,-0.007120629100877949,-0.0351913943258741,0.09599911883236958,0.002860064115631377,-0.0363963734854873,-0.05600544647837032,0.1186318026193479,-0.005180976557423448,0.06692222585629261,-0.02436705776443621,0.09839691419755275,0.0795326580134912,0.07337446055445813,-0.11064632037669142,-0.03293032661279176,0.12608948142441093,-0.13660963728977937,-0.023414966874965495,0.21490697471033315,-0.1745650466508781,0.02515069177501212,0.16393168077269873
I often feel sad.,0.14071747339859958,-0.010656126682697414,-0.08355637423806345,-0.03837671406561218,-0.09509187536116913,-0.11668011822573779,-0.048542721597979295,0.16826723866197332,-0.05733124456864493,0.006101295595976507,-0.030335404056456156,0.07593535539546663,0.06611825793732422,-0.07913481985404594,-0.016656180865077364,-0.15798079634877363,0.014750522383047639,0.01070124113276345,0.118976076496456,-0.06877452621950476,-0.11872906067550609,0.15650357851437482,-0.07855004996261634,-0.05415510741104485,0.011495009587686329,0.15567696473994444
I often make plans that I do not follow through with.,0.14075630469418488,0.06128972418086077,0.004237177472584425,-0.1087145556275135,0.05947265014491225,-0.11880143809582772,0.08900149251113904,-0.011228842214869373,0.0324378572588914,0.10012500772745106,-0.014194752364488373,0.03063284518574337,0.06722713410788148,0.09143330884180018,0.005966683181788609,0.015836709601834326,0.17726586792791343,-0.05703755638514064,0.01739389280454207,0.01646865707804467,0.10958698358425596,0.01959902389253019,-0.12812881554144814,0.04579033030891288,0.010999509658398125,-0.08734145975270217
I often make plans that I do not follow through with. (duplicate OCR artifact — actual item 8 already above; ignore duplication),0.12448721126514196,0.04562987602112041,-0.10246456915973473,-0.06403772238866214,-0.03899204764991194,-0.15772849377848708,0.047728644260666704,0.032842171842434965,0.07975264168676885,-0.029435392715799258,0.028467329762798452,0.06182564715113363,0.06249339989670433,0.06771941632067804,0.017276882789099075,0.08206515947903491,-0.023600148936315464,-0.12577280727070567,-0.043464795244741526,0.09451832357205192,0.25509814495091215,0.030821783718276725,-0.1405355926725938,-0.2542030256931527,0.173398138653406,0.24536422973250543
I often notice mild odors and fragrances.,0.16132308909887938,-0.018613631523271782,0.2094261570659943,-0.227161504165544,0.03137066711520573,0.0945577508620038,0.003358394814643847,-0.001352232080080673,0.022314553507504848,-0.08673398512177266,0.12679799402346156,0.2617598549232573,-0.10459752437442904,-0.04577781739487955,-0.16282715947501358,-0.057415402925938254,0.015508278655074521,-0.0912287723481149,-0.24876419177002396,0.11109451583102539,0.023235224178075164,-0.10860017400734295,-0.1906731674457981,-0.06537870373052958,-0.0336564519285091,-0.0001472597451278109
I rarely become annoyed when I have to wait in a slow-moving line.,-0.09053080647238176,0.2739421044390061,0.1605446682963142,0.1102209265102492,-0.11163908555647983,-0.08853027861804483,-0.06490322249901995,-0.005179548237743123,0.08756753249482233,-0.2054773760212756,0.12456086703016775,-0.07806232216705254,-0.02459855539747524,-0.013979728339089838,-0.019842099625917292,-0.0860817786813493,-0.07597028363354862,-0.01506941689689424,-0.20801453087482508,-0.12158414449642001,-0.03572029832643891,-0.07852467856381766,0.010931299119232758,0.19157576177885632,0.20236828007731375,-0.034169318820158986
I rarely enjoy socializing with large groups of people.,0.07923059824496599,0.035973837476038266,0.038585141975393235,-0.16290890104611824,0.16790838715505893,0.03670651687314227,-0.004270799403206691,-0.13310532265006494,0.007990538130341255,-0.11935456073107595,-0.19645229357076555,0.019108467938451754,0.14318607490512122,-0.17356273457235616,0.130175845762021,0.14429959197457398,0.0004072995643504765,-0.009890403700205526,-0.14517815964789726,-0.12223312265093204,0.043103610110091214,0.048241573997063095,-0.2004541945413256,0.16101907319325734,-0.002366082010334605,-0.06983647010813243
I rarely ever have days where I don’t at least experience brief moments of intense happiness.,0.14784328477434774,0.04955884645333064,0.031908490978954,-0.16020125859002896,-0.01801828923777564,0.013261009367627091,-0.05112456989138421,-0.10846574860860612,-0.28723447580933564,0.07493463689204224,-0.004227886950460431,-0.11375373311007715,-0.1628142002709214,0.09122048949771068,0.1691280588148015,0.22627945930102658,-0.01303420973540692,0.13654325497785375,-0.07601306836235024,-0.09169163257966113,-0.026044623556126693,0.17790352293749784,-0.1699362319365033,-0.04321035247041067,-0.03746897072165464,-0.0037381124095553233
I rarely feel sad after saying goodbye to friends or relatives.,-0.032593901970722636,0.17432638706267595,0.04338567991689209,0.17020267714239795,-0.11165539580349645,0.021837730241821136,0.2870325500429479,0.2163911497858474,0.15270817058654268,0.02269329850207978,0.17466744938883283,-0.011987043831642829,0.15748307928008407,-0.16192511492864856,0.041092777770297725,0.27135696411685567,0.10387384391109579,0.1603025738300431,0.09024051773902256,-0.013077998812371684,-0.06008185087642197,-0.015481738155002507,-0.11590991237420151,-0.1438238066833813,-0.09331600694274687,-0.08541291453056599
I rarely notice the color of people’s eyes.,-0.0724973278744815,0.11567473853059913,0.05697514353401728,-0.11297695555234637,0.014856249186103836,-0.15020592786477147,0.010198017357297636,0.020044945735491416,-0.17797481349567437,-0.030150997673381582,0.05578124621486319,0.05476563233467731,0.32143462530607037,-0.26296522217184926,-0.059460398472266994,0.12093498315182967,-0.09807688073933477,0.08947979301144673,-0.09817332095968395,0.1376513564103761,0.0690245766392485,0.05256455296097762,-0.02454191135963618,0.14690469473591428,0.16504216831083987,-0.12757417921641992
I seldom become sad when I hear of an unhappy event.,-0.07356277719225228,0.4366249045045691,0.0027163805367453756,0.27522897013407127,-0.0753824428586678,0.1632238219232683,0.09023394277657883,0.0826475218663627,-0.06796025509678513,-0.03943056303607498,-0.27346578271982397,-0.050898237411225275,0.07985782611555105,0.10179616954939316,0.08831652554560963,-0.05157329705743638,0.028960092366078417,-0.04367339146184317,0.06824201591525104,0.2255322319903021,0.024772817597752215,-0.027816799728676206,0.1339626881419041,-0.06824073300506639,0.015794493595907393,0.11920465426487782
I seldom become sad when I watch a sad movie.,-0.0920499730582124,0.23134482571133205,0.21007684482441957,-0.24069053838039864,-0.27507149773407613,-0.010013807218695485,0.08602664572522722,-0.16982911260328673,-0.008940587423119598,0.19488937752517527,-0.018437089185101924,0.031081647981760455,-0.30423758319983124,-0.003177762592123255,-0.1517020681561828,-0.12420981203691625,-0.006302387034085502,-0.08461293736414144,0.052634252399932746,-0.1772960114503693,-0.13237066354417376,-0.15332541016800813,-0.025448578511024108,0.04806288351162728,0.12195537185033903,0.14153467428878339
"I sometimes dream of vivid, detailed settings unlike waking experience.",0.20256078182515205,-0.1269838894466613,0.1429664686349336,0.06159432883590436,-0.10219764641360458,0.11083193445112757,-0.057085411941597365,0.04816801365981422,0.017610255591609718,0.04906728616401852,-0.02770657119261678,-0.015422381280665818,0.0625508889502872,0.05272451297684403,-0.04958859292427461,0.024944683290100668,-0.1283462645618373,0.21073555080844125,-0.02973953957637827,-0.2343240700758885,0.12639664369135803,-0.16260485276743122,-0.15202814289242944,-0.03967175026080742,0.02699359778085471,0.1420285420663327
I sometimes seem to be unable to feel pleasure from events and activities that I should enjoy.,0.07198063744590541,0.15806161346436118,-0.1331163926595174,-0.0010366412301295576,0.03218806395987139,-0.090661708351175,-0.1937499100430165,-0.20299177187267367,-0.022962554548324885,-0.07149597702627303,-0.06181682191025103,0.17228294862108554,0.017905546611593475,0.09522992639540953,-0.017417104712855413,-0.028102554180938613,-0.15879003527404267,-0.08649146136981171,-0.020293489693269266,0.16206310767364043,0.017764459848229792,0.08803187350646588,0.06913955297185628,-0.026824770343244462,0.035851542675867105,-0.05158758575705617
I sometimes seem to understand things intuitively.,0.034764108039725815,-0.011038780055517757,0.21254869588426514,0.04379186779551659,0.03999504937903356,0.0021576394436229242,-0.02337712731817121,0.029685241108561713,-0.16384978650366472,-0.037539937085362116,0.03440082719259332,0.06969755879807155,-0.010836820936619383,-0.034490930183973194,0.08542215015182442,-0.12277359355312131,-0.06315205758405455,0.13216189363086878,0.11753256647039502,-0.02006618607494325,-0.08698446188118177,0.02860014259611521,-0.041904867820731106,0.11516407115305585,-0.06077658061004095,0.0207842051391239
I tend to notice emotional aspects of paintings and pictures.,0.006455592954659094,-0.023898143570584222,0.1472246274081833,0.07917548524200725,0.03749894470890497,-0.0397636837518844,-0.026640167799729757,-0.12479795826593254,0.04859452030517986,-0.038390701153099845,-0.0868769855479815,0.058706313572587425,0.09830883970705442,0.06897829984260671,0.060701322235307796,0.03875475419673606,0.08045659787292055,0.030053181678529856,0.006533949035882033,0.02852691306694149,-0.06802907235207967,-0.13001231463586044,-0.08889544803266232,0.0214698219412851,0.026537202073984134,0.10274903502805656
I usually finish doing things before they are due.,-0.01761544506921317,-0.0007477385717781187,0.16021692283982117,0.14394103624882115,-0.10654278073500391,-0.0034989000908249033,0.08502043054483932,0.09622106409981673,0.15845153576021392,-0.051160793174076714,0.08368146077488997,0.0030084798667424327,-0.029160291901135647,-0.05952572184236547,0.09582955362346891,-0.15870788487206955,-0.07155893279520055,-0.01495400368630964,-0.0555595675488865,-0.009668057808905913,0.0427061115048473,0.1658268615013347,-0.10346323970445606,-0.07045385401181536,0.18012601475021853,0.024467659508409515
I usually have trouble resisting my cravings.,0.16536651315524348,-0.033642595943293135,-0.03905380794749966,0.2719918273355187,-0.05064649200506837,-0.027652989089694418,-0.04297296818077524,-0.10532324425000694,0.03664128489165596,-0.01218230774423206,0.285859987485478,0.004654368308138838,0.02000975331506256,-0.009584273312988835,-0.03707645191764614,-0.07615649123545673,-0.03545565210296816,-0.10098832582566719,0.12510283894439556,0.10013464986049506,0.10049249967478457,-0.01147948373647948,-0.06599116108378189,-0.015259299495263905,-0.0006158750027758568,0.12147371965350423
I usually like to spend my free time with people.,0.017995857455041116,-0.041891251467544126,0.15539581201450978,-0.004727762145400398,0.016126570238745804,-0.043552656791998504,0.10020021663156528,0.04628297531110389,-0.1195263054697002,-0.09776383284167907,0.0875179968896294,-0.06745272023364242,0.025000499411026857,-0.08409921172782676,-0.0511269792963311,-0.016826020698388636,-0.04424633634838126,-0.041212573258188064,-0.09276529484374366,0.09634340311200193,-0.07041354989583082,-0.06042681698470742,-0.06174214050482051,-0.12055568001937206,0.0381402993086115,0.2294238552462214
I usually like to talk a lot.,0.02585750178580106,-0.09501334023228197,0.08299316118895247,-0.0511772179120728,0.01420903447727111,-0.22554976937640808,0.21114159535062568,-0.19103307535037703,0.025416910686479346,0.0983532599880748,-0.15947268154309002,0.07760491652039557,0.0638707293214302,-0.08399987241299253,-0.0026036030486526417,0.09984962491599281,0.27900443417090076,0.17449247510654706,-0.07793392586975584,0.026801373330216996,-0.14734583270788792,-0.003450825067151586,0.139458584024473,0.03256743161890324,0.17890111612641402,0.012279722569061034
I usually remain calm without getting frustrated when things are not going smoothly.,-0.09537370713695316,0.1038787479462873,0.08179243395400791,-0.029022030674619254,-0.019415074377117765,-0.006047072684324731,0.022553176854350387,-0.022758383326486834,-0.01647207774939454,-0.04873022673501738,-0.040120567440236884,-0.135238834676051,0.06500430232896282,-0.01696319952539847,-0.07082446313416606,0.028137736709187275,0.12609549134856743,0.06419007409984222,0.1521823203390479,-0.010024455178946437,0.12881456561819357,0.02349073082685117,-0.061108072633697365,-0.1697634616900455,0.3030100202373969,-0.1096701043918341
I would enjoy watching a laser show with bright flashing lights.,0.08441458742426763,-0.008848336467067196,0.07467333750684589,-0.04049730892043527,-0.19058629575297867,0.22237014616278464,-0.05422062981781648,-0.016862757977256036,0.01303924550988024,0.0014539598519419702,-0.11432435990790935,0.08446023359514251,-0.0004572881011878811,0.12298969224374313,0.03657495108548576,0.22102830647507574,0.07202186927828891,-0.07577463450074567,0.2158530999629769,0.049305919846589656,0.008533600678193583,0.2540536034440366,0.08651774787625337,0.06021729335071174,-0.02496025546656337,0.12290157997292118
I would not enjoy a job that involves socializing with the public.,0.033246928873693446,0.26730890145751945,-0.10731856542814894,0.041519763362037373,-0.07309964521755925,0.07848793457816906,-0.2650227474162619,-0.11929539092233123,0.010627950049434525,0.27164944583394374,0.2999720872374688,0.02619125020123503,-0.03419944407466107,-0.18274999121642058,0.13631397429066888,0.012317319536074116,0.29301753149594767,-0.07026755527813623,-0.13404252528651572,-0.17745668916115181,0.10337957613901304,-0.08096983921127766,-0.00467403544438566,-0.019060194765355164,0.0429091930340962,-0.06940088426801802
I would not enjoy the sensation of listening to loud music with a laser light show.,-0.05207138897224325,0.16080068372983056,0.11509752518547917,0.08896235164330604,0.20842415319978483,0.17794934292514528,-0.23805578335211947,0.13824464621426155,0.2741693897913875,0.2822992178861981,-0.18279102388669802,-0.014154069812566233,-0.0017107834102884605,0.05773492592399741,-0.20076435364268078,0.12021958291592574,0.005961900027181426,0.1970438608765116,0.01009044801105645,0.003823473715687683,-0.15720009685789868,0.04301710318165739,-0.03724478897109723,-0.14242593097580963,0.0770750765627829,-0.1739902695636949
I would not enjoy yelling as loud as I can.,-0.03940140170710883,0.1704844214838989,0.07591184025668664,-0.26780638162130627,0.3608473186093416,-0.036406733598045415,0.1785020476618393,-0.09330519110402101,0.36270461838634244,-0.14925210832996724,0.08357966514115142,0.022085767684459166,-0.04958719642678605,0.08699672089088453,0.21152539153978345,0.0252565898316812,-0.18944542119251834,-0.042328821260564184,0.13766969457159056,0.061449349522098136,0.12589901830208775,0.03603359380553111,0.05922682936892005,-0.06708867002967159,-0.14295547380870938,-0.10277542718165344
I would probably enjoy playing a challenging and fast-paced video game with lots of noise and lights.,0.0802919653940194,0.02896117710853162,0.03904226045006776,-0.029994506471615518,-0.29411467083920256,-0.014493973763281657,0.09922406241151553,-0.048185317032497524,-0.0544823487480797,-0.004718535190294889,-0.031059649019966634,-0.03620500583886874,0.0835164906499355,-0.0396047772605153,0.02185179029760905,0.11543171577103215,0.016344071248291785,-0.1182728509067494,0.07192176963039151,-0.044937264444700774,0.015532471131599805,-0.24735830097288317,0.2898652920042104,-0.1684544048563873,-0.12778079001635856,-0.1917065938274282
"I would probably not enjoy a fast, wild carnival ride.",0.010891864253387529,0.24296891441899557,-0.0006965602824850544,-0.10596334285599045,0.03796434294516122,-0.12074615017705673,-0.09666126437130208,-0.18707925433886133,0.16979762367678802,0.1896859490124192,0.06532492155561752,-0.23682600865583803,0.08856954231335225,0.0005049180499645298,0.06359464578150992,-0.2538032458107169,-0.14713830136073697,0.07776421548759764,-0.002924510694269031,0.0025660840629477986,-0.20978853736576694,-0.13125800739000482,-0.10582741439739259,-0.12450559944365086,-0.17686556772133655,0.10462233578222013
"If I think of something that needs to be done, I usually get right to work on it.",-0.015735155146206586,-0.0011634789508559915,0.11098547851259571,0.023989732629278466,-0.09507955998397627,-0.031171478291857204,-0.010956047617438005,0.016395262020344796,0.0036798493553297706,-0.12107940289133448,-0.012029543642111496,-0.09107573916079321,-0.05007464438263012,-0.0664368486369044,0.13384880482096445,0.039516744942761084,0.016917754326385297,0.016843454081891984,0.08906220369548537,0.07516121634195225,0.033767035309606445,-0.019606228356665423,-0.047136762010394885,0.07189537079027836,-0.12395402731308464,-0.05717916191077113
It does not frighten me if I suddenly discover someone close by.,-0.056422359113610036,0.13536307896574176,0.19674514482421354,-0.11968697835131419,-0.09481104216443349,-0.10346014529793882,-0.12691407538827332,0.2321958004845837,0.14063501748446572,0.29503706304134947,-0.06383495352254531,-0.039223420309691115,0.014451591168702382,-0.10126437754720129,0.17297639381513247,-0.06253152936401563,0.02896827447396473,-0.04414259882778268,0.046972196146998935,0.0760317216451153,0.08711280955890259,0.20373051680636847,0.03879872289138874,0.2249291178291704,-0.1389014206646394,0.08955311884711918
It doesn’t take much to evoke a happy response in me.,0.10651930726953966,-0.0761276631858703,0.21547745249392827,0.12613159170429822,0.02662557157650241,0.11830841620310426,0.14293564675832462,0.05213385328504523,0.0318775025637459,-0.09502735262107842,-0.17603457254430008,-0.04448402483400669,-0.033062983927740784,-0.05026783723679939,0.023653608209015655,-0.12378051299229179,0.11750068447608203,-0.12885666507282184,0.025511232164288484,-0.04187240150072781,-0.00395330377474279,0.00966899554173045,0.03401233111980362,0.12445239326116596,-0.11611563374602452,0.04704675821646708
It doesn’t take much to make me feel frustrated or irritated.,0.17272120788971765,0.040817578692634894,0.017492092546863312,0.07801636880428882,0.08903663213375651,-0.11164398854639737,0.07398377330285102,-0.20516701343978194,0.0819939309663097,-0.02018379531444876,0.05103384354890315,-0.10077772612366621,0.10556855364807828,-0.027707893322482954,-0.09822405320990726,-0.10084108468403011,-0.00672261912114472,-0.17679568508696164,0.04614863129951276,0.08367995090720225,-0.09539516772147806,0.05215739977863038,-0.12230456312181653,0.11900828419076344,0.09921892261329306,-0.15367458891700475
It is easy for me to hold back my laughter in a situation when laughter wouldn’t be appropriate.,0.0163973231334693,0.17968397507644696,0.03825581716400743,0.12199065922475337,-0.12688319318584862,0.06300790033155516,-0.15727076624739741,0.03627362687186207,-0.13116977948452663,-0.214500193322408,-0.149200886336318,0.06975470583852598,0.16285352671925535,0.04233568086723207,0.08798245956988063,-0.003394405417401589,0.17731769863973043,-0.20728099650529744,-0.03136153410967637,-0.06716534296592776,-0.2041844313361607,-0.03127233782597079,-0.1927558165341984,-0.026433233371602752,-0.15981839877112852,-0.14278365860749206
It is easy for me to inhibit fun behavior that would be inappropriate.,-0.018141158577395188,-0.015002499939579873,0.1460628242701056,0.06445709187687317,-0.03479713780841569,-0.08769660127375828,0.10956755860156381,-0.0900952707665914,0.11086339219429582,0.03601923928112896,-0.10476635798980402,0.06559618988116443,-0.00015567381663699636,-0.02928998652860885,0.059651497058210524,-0.11515233151125445,-0.018545814911961743,-0.04285582273315587,-0.028496018138976585,0.014102258968592095,-0.10816543732763094,0.23608472531928812,-0.030093452951769035,-0.05553933421617517,0.06033398644344348,-0.09279111866763841
It is hard to resist buying attractive items in a store.,0.17893362122111278,0.11357804817265145,-0.03854253133610803,-0.0006656930992594603,-0.04224400190236213,-0.19526303014133212,-0.0818797797922928,-0.11249180904655189,-0.10575460241843652,0.04525393902152885,0.017813273797593454,0.01474886245344226,-0.08836154342756376,-0.04443912481720624,0.06330120350304164,0.14660990666362833,-0.07795483144254833,-0.05922127447251515,0.09230213867826007,0.04904327727934785,-0.18443811736038776,0.1413515877313298,0.10382334437354065,0.007993999029712996,0.1701247638722584,0.012434391838969484
It is very hard for me to focus my attention when I am distressed.,0.18210047312074462,-0.06730773608628994,-0.019316947624645402,-0.0159001318465096,0.01607951264970407,0.21145238800258997,0.07172037900415543,-0.17964455079839925,0.08284928144579336,0.12765365240889878,0.02606787187451017,-0.1703570047130535,0.18755265748174904,-0.0657482875875181,-0.0729632579555701,0.10455360234280997,0.019923975410155684,-0.09314674506203884,0.010261811162306874,0.010018180004647324,-0.11274470454794354,0.17455760068090775,0.0287181827857764,0.027642135616814344,0.04698984438557983,-0.1453901442974987
It takes a lot to make me feel truly happy.,0.08240180993080455,0.05123778661361507,-0.12518297819920995,-0.09571206761706232,0.01339785343012069,0.03692591647153727,0.0780384038482425,-0.00335276812931816,0.03298556215969654,-0.08179149667982474,-0.19599778633132986,0.05793247818586786,0.05573595465554714,-0.010123831907459453,-0.1813521941726073,-0.05462926518857131,0.156516211202577,-0.03457229403921586,-0.0024962628922620645,-0.12463740630434043,0.005856600558592883,0.007829132953891097,-0.04596016751606196,0.12455057479719751,0.020981320554626925,0.0782368931150021
Looking down at the ground from an extremely high place would make me feel uneasy.,0.12834160802128042,0.020737883051179695,-0.0010669573799610903,-0.013753058314204553,0.0948141738375678,0.3138897514400246,-0.1167895518720603,-0.2611946360162252,0.01921584023410471,0.07670814128950142,0.015272235866386626,0.24541222195170198,0.13072151962214368,-0.04873731544874219,0.12377289877969813,-0.09728928478788008,0.11919074717963407,0.03078620001507045,-0.010483804625042717,0.13607399241448628,0.018466720538329363,0.054788896825601494,-0.08056491803247488,-0.09692091703710065,-0.04219738993136852,0.20861582420096478
Loud music is unpleasant to me.,0.07517780153327433,0.04332710053740936,0.00229970747166429,-0.06658246395082149,0.13588047576634993,0.08963719838412831,-0.05936526428502352,-0.08556894356043725,-0.03923621607514081,-0.034166392378416496,-0.22883308998033855,-0.12146982181526261,0.09008678556319667,-0.20577772895143553,-0.026083680491803898,-0.14607509739596952,-0.12966552700471068,-0.009183317798058156,-0.016311201290940484,-0.06570804815440706,0.158970341916345,0.005504873965493013,0.22238385790436543,0.06486319126819802,-0.058503601036351285,-0.03839686528452499
Loud noises sometimes scare me.,0.15083304969885727,0.07950875380013063,0.06794817741175983,-0.20614943095903163,0.03555290975949538,0.08528221234887397,0.007375410920388764,0.18792341725286624,-0.09229360216618314,-0.04649211477824957,0.10156318694371744,0.0650533037461877,0.06171622864973764,-0.06457415848111528,-0.021200604871793913,-0.028073284761888674,-0.0922563342213822,-0.04870053025747801,-0.08168788716533959,-0.051896873594974406,-0.12120231661969497,0.051534874707178956,0.1557294550748632,0.07591724545973191,0.11665767310870725,-0.1474226579240809
Sometimes I feel a sense of panic or terror for no apparent reason.,0.11762318979364536,0.05413706255941904,-0.1337407091016064,0.05659255707344344,-0.07588608673100658,-0.18449731171075082,0.16695084920981185,0.02185193265935842,-0.00012377883444941035,0.22152656694814105,-0.15149861944979365,-0.08201890600798752,-0.03866430960725871,0.02786968537705889,-0.09593706589830711,-0.05915742108673877,0.04592650207659552,0.050639854289669835,0.021898553545175333,0.2870501245224809,0.19725879976690242,-0.15741265020225217,-0.2756914910263452,0.1320149563402544,-0.01530886183245008,-0.12752738983280865
Sometimes I feel sad for longer than an hour.,0.14419616842787078,0.04405443288814738,0.04450402377804875,0.014921155813887298,-0.0614779449287775,-0.024575364833149833,-0.10280253657778372,0.041933324155748554,0.16236176065454908,-0.15365351480725453,0.07023533469236959,0.4143345371319039,-0.017091759883938035,-0.20605795645719197,-0.16740141118591328,0.01615617060153808,-0.015256102162659184,0.14618098709456712,0.06627974644466138,0.1115261757262702,-0.07693743762471117,-0.06238605352690507,0.15054802483552157,0.020937550855660642,-0.12679705920473056,-0.07077276610562534
Sometimes minor events cause me to feel intense happiness.,0.18354637299501828,-0.031679030864586184,0.10884231449724283,-0.012274671422677368,0.16137208252208668,-0.19661348930841796,0.007928010571965124,0.03564094816545873,-0.03633845063898097,-0.058882447002185416,-0.142047921454049,-0.15694980237648273,-0.07520946223166675,0.02781761065941569,-0.19002527618445836,-0.031726997392384305,0.21630844994403167,0.0781396365894326,0.08633329343511689,0.005157696869508084,-0.037470474714240976,-0.04374561666334904,0.10999671071219677,-0.04533179081892238,0.09086938979696586,0.14355560054390493
Sometimes minor events cause me to feel intense sadness.,0.18249552041230294,-0.04566280508629756,-0.022349598569473314,0.10206089587253997,-0.05706178719478893,-0.10559223434319322,-0.0012615221752138375,0.01295948165150563,0.11267697899279644,0.07603055237019314,-0.04521211572348583,0.16164142700087994,0.16980128097321082,0.04699532013551925,-0.0014787446097615175,0.0622802493674302,-0.09510243121727859,0.05658159394132313,0.12441858040457428,-0.010021058019482085,0.003936739477056817,-0.19587709322253027,0.15219828211691566,0.08970519888841064,-0.028659467057608367,-0.14483983600671801
Sometimes my mind is full of loosely connected thoughts and images.,0.12928558774978485,-0.08336469014023667,0.12156151690256209,-0.10341480250953379,-0.09759642213977804,-0.050382037092239595,0.12560570002637184,0.03080563963195001,0.054654408636504344,0.05969122215558216,0.15062846278863404,-0.09258612741305913,0.06227422849733088,0.09208576306706495,-0.022402728538639883,0.034265626162092076,-0.0825068444121554,-0.021594382194766552,0.12328115457495954,-0.1772961355116855,-0.10833975504876223,0.019319689589905625,0.040808413743850226,0.09511144271602055,-0.05745162009720467,-0.14648505264151498
Very bright colors sometimes bother me.,0.12609048434385822,0.09611229777263101,-0.10907074658603659,-0.1463018525790807,-0.007566311048686117,0.09216226383899709,0.04597608989658039,0.1344001517292516,0.06562463585311054,0.008294866594971903,-0.11242344457115372,0.04544141295835715,0.24522581427867277,0.1097664595085546,-0.04893976366671633,-0.11771475216510299,-0.09709827973030968,-0.135676043243645,-0.0026543166028879166,-0.14210598316137096,-0.1367506934025016,-0.1248929756726935,-0.03365754978574006,-0.08497815791108564,0.15017409771996576,0.0026519401781739007
"When I am afraid of how something might turn out, I avoid dealing with it.",0.1557941789876534,0.06424892714791702,-0.01008164173255528,0.06359058828367416,-0.030804888331344843,0.058909403532037254,0.19478362509061803,-0.11437040260381046,0.007646724301186576,0.17981121817521747,-0.08973391659448882,0.029827815076641343,0.02036181863105106,-0.21707403735391578,-0.07029691600652234,-0.09922397821698484,-0.0023457352135101773,0.07522776665325943,-0.03894939373114087,-0.1998670881944358,0.08962041900166075,0.09013494484541075,0.15643763715965964,0.01160448221356218,-0.10948354521374573,0.1930630408519469
"When I am enclosed in small places such as an elevator, I feel uneasy.",0.10233556122788628,0.05249716546142247,-0.07931535201273839,0.0038348260584711046,0.1036790346606488,0.08972722661180416,0.045615107720587945,0.2880603196694185,-0.011486895039191878,0.1144800869403189,0.10375958782844019,-0.03948677838001585,-0.2770364942305309,-0.06922296886458494,0.04374781752346219,0.05466364341214527,-0.1430698860000377,-0.08938761734028303,0.033098513710741004,0.1855455167372695,-0.21558452004747283,0.056577404550379795,-0.0013059080451135142,0.16203545749998946,0.21279621119013906,-0.024608522204498492
"When I am happy and excited, I have a hard time focusing my attention.",0.09405586041581428,0.06577425875417534,-0.10710181358933171,0.03874092275530405,-0.005092331476714994,0.001614060645651597,0.04628336405394251,-0.02776483576300524,-0.1521605059391313,-0.09113179899122378,-0.062260073898965804,0.07464563204308944,-0.14576068120020655,-0.016648922713068982,0.19907212885136774,-0.1506710432108188,0.04805710049024364,0.3000526866140401,-0.0806187610521837,0.23966645198920888,-0.2320048643830645,0.005051385848514467,-0.048750176346161266,-0.031528354859987937,0.04701070793966419,-0.10874835366982236
"When I am listening to music, I am usually aware of subtle emotional tones.",0.08654279820902726,-0.002951370223196194,0.22930484071438226,0.17930100818582054,0.09096173307768478,0.005089872355205379,-0.047884643138381755,0.02180542021914224,-0.2956970110653477,0.06400972688786567,-0.01913908797773339,0.08774767527618878,-0.020188155036878482,0.1038021431126811,0.13558582646312062,-0.09952342101136875,-0.007495669663468762,-0.252373960644937,-0.057346201039649394,-0.11597851380801559,0.09406575651012279,0.017312601233274074,0.0047541132846661985,-0.004179975523143982,0.07972839968430649,-0.2221044133597885
"When I am resting with my eyes closed, I sometimes see visual images.",0.17855745963883313,-0.08573201505910936,0.11237168526593552,-0.1685476358225605,-0.12059748436398021,0.04575091408439139,-0.04934961346567655,0.20427900733508592,0.09624613437237499,0.13120130786861847,-0.07095552981925048,0.08570980811561407,0.04087405424014465,0.07342378504776678,0.26777027463009,-0.021739066595406652,-0.043830745640807425,0.06318859058951619,-0.21522261100195958,0.15237416670298942,0.0051891954311253366,-0.1773923835833743,0.08027851368401931,0.0037156275015409663,-0.06024584160323807,0.07594690134689207
"When I am trying to focus my attention, I am easily distracted.",0.13090252722167522,0.06268736345386411,0.02270369850171205,0.07350561938930517,0.2809557314504658,0.22205425281613184,0.10298623356625107,0.06219525241949278,-0.08303607983852394,-0.03897218769389999,0.18973582193740815,-0.03875952448531309,0.07507272970257682,0.08573524785190285,-0.035871129640257,-0.16073963702327282,-0.026892141552082926,0.05112026071932714,0.30149278221351256,-0.09198980629463938,-0.1850008631239157,-0.045131348571495096,-0.03389195905150235,-0.005203424410730225,0.0860534354100761,0.10373907985467647
"When I hear of an unhappy event, I immediately feel sad.",0.15639680282731103,0.0626517203406114,0.1442135445738086,0.13278384048069014,0.12993745837475365,0.03052945255718327,0.021034385157430377,0.06030180721221663,-0.16892261699920116,0.013806845757166107,-0.05689390685123341,-0.1598285910402637,0.03990621029437125,-0.19298407752629054,0.0617687949818779,0.08592900883377783,-0.18288970494564633,0.2641794843253593,-0.12928825689823975,-0.13149447406336753,0.07313691254827438,-0.04241603287596617,-0.08998218718175521,-0.15238323947274618,-0.05606368437562165,-0.009628868326870309
"When I try something new, I am rarely concerned about failing.",-0.04858100821501823,0.11851804465951236,0.160352791092497,0.02157244123552004,0.10504598454721481,-0.06802899840586157,0.01697603753333498,-0.1109870418233494,-0.08367554167644405,-0.020397152608565523,-0.025085563616777367,-0.12077152049133591,-0.07858429962453582,0.005709388140397119,-0.10826761030029444,0.08171541859236461,0.10663415049580381,-0.07707186123601159,-0.07746492333559908,0.14924818977523058,-0.13964977000032355,-0.04054505276301098,0.07046497828158359,0.1756947370910923,-0.2601212586978352,0.08872222462767278
"When I watch a movie, I usually don’t notice how setting conveys mood.",0.07778577765838433,0.16045047520021397,-0.11369247303791204,0.11566535627557893,0.08224543409207524,0.06622994844939209,0.021565235012477136,-0.03313884583104985,-0.07850025120543536,0.0259060951099121,0.06675873209973725,-0.08162215731906784,0.012178430889703006,0.03209964130741252,-0.22398097442287562,0.3263649868136897,-0.28013636726681984,-0.14326917089333333,-0.18311834572809085,-0.012174064690326891,0.0531883373778831,-0.0606308224862197,0.08292869460130316,0.1691138180212959,-0.07439261429457726,0.21346140167348746
"When I’m excited, it’s hard to resist jumping into things without thinking.",0.19810851684960257,0.040257795050217524,-0.0017299439927754745,-0.08820032253422315,-0.06880592822293645,0.03991052322388049,0.21762150712432482,0.01157814200868812,-0.09955108724878513,0.07282226589168547,0.004988617956732375,-0.035435743971152574,-0.02770546598175121,-0.061365805743270135,0.015363173157161916,0.1140875244148549,-0.04111165480266511,-0.10215727265026732,0.02836201603033132,0.18377330554002422,-0.13364225401809754,-0.0748717478067284,-0.15249250670643938,-0.11923942839174607,-0.08886733912217727,-0.0009692348763429649
"When interrupted or distracted, I can easily shift my attention back.",-0.01359453528871883,-0.014424977259252505,0.11122477340111166,-0.10463088584522909,-0.23040472035397377,-0.012221826789416666,-0.08696166460112702,-0.05933009203933095,-0.036149494833107115,-0.10206901703354247,0.0943245852301834,-0.1343414119603669,0.08735583876931764,-0.06877477973600786,-0.02041867671630112,0.02745352772191555,-0.12193532171760714,-0.010769426603403149,0.22557429152399763,0.03979651758336613,0.041352978770559504,0.26060461326318846,-0.12350600549764365,-0.004410412391179554,-0.2318101802593538,0.0037664895200579937
"When listening to music, I usually like to turn up the volume more than other people.",0.12741014241646062,0.030033731423495552,-0.0018225058025917041,4.949902209739588e-05,-0.075382993023586,0.03906208832505722,-0.024755281880791218,-0.110557704663689,-0.015241163804644664,-0.10905400153932604,-0.10195723005765008,0.030898332960961457,-0.17353973723850621,0.10607923004306373,0.018229819815182045,0.0005208123206595348,-0.09702967278028816,0.1402314743622172,0.10882636843071687,-0.03404851249509372,0.040835392866278575,0.06351623246027611,-0.11984270968661434,-0.10447254973343917,0.00804182437200364,-0.1839620591658316
"Whenever I have to sit and wait for something, I become agitated.",0.17341857456572746,-0.09336603172435003,-0.07913374624526115,0.22071192635640546,-0.08807678901316035,-0.005045457107536733,0.010158753537447725,-0.15738710034110706,0.022041683092240458,0.08214735935341298,0.1667433101282068,0.006123166117913761,0.008333363248686998,0.009333618727581691,0.07716931473684077,-0.11997118330547066,-0.025051464450757094,0.12811872226413742,-0.022137611152343126,0.04637606859528116,-0.05912535490870328,-0.05152993825040053,0.15075999148962616,0.16273497762766026,0.02466056019073804,-0.0644568270635009
