,PC1,PC2,PC3,PC4,PC5,PC6,PC7,PC8,PC9,PC10,PC11,PC12,PC13,PC14,PC15,PC16,PC17,PC18,PC19,PC20,PC21,PC22,PC23,PC24,PC25,PC26,PC27,PC28,PC29,PC30,PC31,PC32,PC33,PC34
Are all your habits good and desirable ones?,0.08139583318492984,-0.07371567982355698,-0.11357788983999385,-0.05211933897307321,0.1233890860052968,0.02299554149650338,-0.038285366229571766,0.008545383371144596,-0.14185684795926584,-0.047298538240255886,-0.006026771263830769,0.023163508548103676,-0.014491071705473797,0.011916656817182627,-0.01534439111133247,0.13140822388647236,0.03844062356852012,-0.06749342983184971,0.09269185892886603,0.09817554656813525,-0.02942207325138219,0.02200037654064009,0.07161176757964582,-0.040418273098906714,-0.18992129594866713,-0.0016331790664569441,-0.021235842994431126,-0.13580440457266524,-0.07396360526591085,-0.04305464530409678,0.07495525207760856,0.12793168347142614,0.035542073227270404,0.211019990639845
Are good manners very important?,0.010812121924503508,0.04418115598597717,0.016128375783486807,0.04645234196858864,0.031222582878951802,-0.009765191819819745,-0.12129436125072221,0.022872377504426285,0.0012654860668853398,-0.016838949528000184,-0.15622125938062714,-0.011813494334154965,-0.004815985792212665,-0.05374550754954095,-0.0008256643648113745,0.06873330513122948,-0.07869996583500988,-0.03321418875575343,0.07246957174370544,0.2748877569972178,0.04321107830372264,-0.02906476892351578,0.0347618699305357,-0.040981889901833726,0.10103242327954685,0.026092730997075847,-0.03799981453288141,0.05823971038817709,0.015754596640407837,0.07792748802374769,-0.0698090133718012,0.007879857397064025,-0.027838686256244492,-0.035833897349501286
Are there several people who keep trying to avoid you?,0.06313272406007625,-0.08587804038330406,-0.07810289330532237,0.12460461169459622,0.01927473622104429,0.010284388877445802,-0.019434222700044516,-0.14213714072794312,-0.02637797061377018,-0.027788074749112223,-0.042542278986721055,-0.07384600358945456,-0.2019285272346512,0.07955846064379818,-0.1173520717911975,-0.05630952656832523,0.01738104187789663,-0.05665602819961144,0.12194556636254154,0.038451533621281196,0.035858969638989574,-0.08825623506425011,0.012137282696024345,0.02620980540906087,0.0004458185328911832,0.020195025198746903,0.16725070006231588,0.009551128513160544,0.0733122780962344,0.05991416721286103,-0.051026583673003105,0.09322116343699559,-0.07503398805301244,0.08496163555310098
Are you a talkative person?,-0.00193065872606782,0.26209517465385046,0.012985383578615391,-0.026358228901699924,0.011207403130604183,-0.1210747461403498,0.1918454407726507,0.14838610716113051,0.09617254462079758,-0.04898092285629917,-0.03748099652260237,0.0015251894499401257,0.10990488491542315,-0.14666689911996508,0.04872653211840273,0.11403710361635276,0.02406490642325295,0.08780780180253406,0.0005881129729533858,-0.010652604695070626,0.09038172831814108,0.07527333277285843,-0.08320746175391439,0.24560045562288127,0.07667593907917167,0.18022392058619646,0.1724898761848861,-0.12819303972037766,-0.01697830517720647,-0.1295680441446799,0.118940123339481,-0.15556218367084337,0.050478454214441915,0.3324187542371506
Are you a worrier?,0.14382853239358337,0.02651332334558337,0.16284043448752544,-0.07771203283954288,0.0069453093824124075,0.09492616381594295,-0.026318139183528433,0.003321050708258916,-0.03853745265467997,-0.0589937120096334,0.0759963548886382,0.005142187574541549,-0.006575744720984084,0.008332976604353344,0.05927971064530181,0.05268300622116278,-0.04952809327053525,0.02087072657057107,0.014475368883901784,0.04581995860824514,-0.09075781189469619,0.029234372518806895,-0.030482471602536983,-0.03142087013945393,0.04210085810423448,-0.017632136217997807,0.010446901609603104,0.011036536019769332,-0.04989630302172693,-0.07105433348373781,-0.15472983425376738,-0.06213314157613717,0.0590325861859,-0.04083816950370308
Are you always willing to admit it when you have made a mistake?,0.051211952886362586,0.13411506766499282,0.006254931589228083,0.27697354907311433,-0.012297367390315037,-0.15530855134896004,0.22052552739081593,-0.13340632681608264,0.029667385837216537,0.019259657247331387,-0.09943221696123186,-0.045997902892514785,-0.09199964250881001,-0.08054195855758192,0.05369432585383802,0.07630307859881605,0.1243189044150047,-0.18419831656165855,0.20455760236428666,-0.12721908625648531,-0.15183775605502375,-0.008897397390956102,-0.06023498180353558,0.010772912872964426,-0.016581660980009034,0.027220806508040686,-0.1900074206988201,0.11346067011053187,0.003129446876190318,0.03982773622214854,-0.07104146255310091,0.055486648827548474,0.1271155357297411,0.00667574280238363
Are you an irritable person?,0.08791823490681203,-0.06806784700596527,-0.0593330592027428,-0.050466639658658934,0.05483752307516238,0.06631299451204173,-0.01850708180495535,0.1044669115813604,0.08039510236681435,0.11204735459830359,-0.049528058536516296,0.014597458963380454,0.08913855127835808,0.011003059272684032,-0.029429673050073896,-0.04324585349418391,0.004280373808899417,0.028442508628840953,0.058032387148951745,0.0709281973043312,-0.05147421986217973,-0.05085785381206742,-0.0291802513381809,0.0025626471581964363,0.0026034563823937253,-0.02743408607721863,-0.057581771565089486,-0.01884943331611696,0.00655019404326914,-0.06117804921177713,0.023381333625316317,-0.03321512453013559,0.023666770693370073,-0.0367763715591782
Are you easily hurt when people find fault with you or the work you do?,0.12762374565622667,0.01903351160796752,0.10868174265892794,-0.03517221482161934,0.13206262623975268,0.06379362555644977,-0.027937503441951544,0.032843016741239954,0.0116551817172616,-0.02356455037849591,0.15478451292732984,-0.0311543957550821,-0.05711310767780224,-0.06506519066430437,0.15710048863772605,0.004039110933192518,0.019535143637349348,-0.021667023110440754,-0.16501244213619454,0.09629017459204067,0.012497700486297569,0.001776695731137932,-0.01496054354219468,-0.03523102973471549,0.17282679052116395,-0.10342620422772987,-0.08623857018591645,0.08830484799427718,0.11970283919154458,-0.05763094605801372,0.0835963453325528,0.2166300659025941,-0.05106787187204628,0.006066382447542757
Are you more easy-going about right and wrong than most people?,0.04521358888873901,-0.036956677503913106,-0.03642548217175448,-0.03314533357894459,0.2169499069844343,0.07719411317392064,-0.024477521733556155,0.10511172634816766,-0.009770188506051521,0.061660650129708026,0.1562848262150512,-0.04767407436457975,-0.02566593130258822,0.11645927096814859,0.030329104688011036,-0.10852059994867859,-0.0009001158593751012,0.040780479408798385,-0.07943999128590991,-0.09875796708054002,-0.2584558600242851,0.025578657453425906,-0.041658405465032675,-0.12104583086336727,-0.08915699408518712,-0.04001261651607593,0.11092912007562424,0.17902366382866688,0.38391993382643486,0.024995751491952007,0.23445945492758438,-0.08327488320986012,-0.012287146524056517,0.09637940877781749
Are you mostly quiet when you are with other people?,0.07233896600525232,0.08843043165132634,-0.19965244270344384,0.06363106418852474,0.04502010952037032,0.04329254695795364,-0.09507607494527909,0.36472672013598983,0.09014191359274287,-0.07965095490954854,-0.06056467750453621,0.06810827281457962,-0.140141679893588,-0.11506575702497625,0.13328535172079797,0.013481798704977208,0.1474745266848381,0.09950240406874927,0.04327763161579162,-0.11569904800392934,0.2780549740681785,-0.13803840723964625,0.13726603550485889,0.16894187978237588,0.0064457029952290825,0.15911023703570118,-0.1245496336379341,0.12685289159062255,0.003433159086068347,0.03762557988562709,-0.1482554154644894,-0.09010338836887635,-0.0772829759390101,-0.11907368044908047
Are you often troubled about feelings of guilt?,0.13497997721747645,-0.045505121473777055,0.07032654343686023,-0.07522784084363032,0.03322641291867406,0.044090311203731275,-0.004692103168205926,0.03919529460345759,0.0637317968392883,0.16994164235618417,-0.13656813324343028,0.022192529285613015,-0.13426899837805364,-0.008227398100014865,-0.06507355958865252,-0.07542836929678953,0.10225357469528651,-0.047403356773797485,-0.08421697034377736,0.01823076775331444,0.07816798375831412,0.01869102872593833,-0.009904079630498497,-0.0006527629086383791,0.1382152233115923,-0.08495358139308253,-0.05401415368835447,-0.020969164240551938,0.04084811025697172,0.14602337954638725,-0.04087369907855666,-0.047741986872035416,0.053368951325984,0.14692462651533558
Are you rather lively?,0.048701420005571754,0.13910676538435834,0.11649217144220146,-0.04648340566891532,-0.2513636140979969,-0.17850557194163277,-0.13001174334869517,-0.009918974619102062,-0.022000892116161033,0.18273834707261735,0.10057383935625863,0.03974887288906699,0.17768920560994325,0.12215657319577576,0.08901614125846023,-0.04437834632209561,0.1631337795675158,0.1480074056760588,-0.13675649684830518,-0.055218887488999085,-0.05652409020041881,-0.26301265243129346,-0.22718143646216465,0.03562237047496197,-0.20785030554511763,-0.10287160141176831,-0.03108029528265363,-0.020094494213301884,0.06225669728274538,0.06500459724649726,-0.22045467326228207,0.17622572251237287,0.07025020195448932,-0.039502096171546944
Are you sometimes bubbling over with energy and sometimes very sluggish?,0.1447351819112965,0.038946355775066124,0.08651485343416705,-0.01584294338548773,-0.019349163204445498,0.03952015113342672,-0.07035388802114183,0.009009500314172613,-0.2144143471704823,-0.12493148515956937,-0.12140142099969385,-0.05740742583917181,-0.0012145470284590505,-0.23214361552721255,0.17089194810439073,0.018463569334920417,-0.1365310380875365,0.20860148955489255,0.04462457836614757,-0.1866350993581788,-0.046928395869128364,-0.13549308665456666,0.09572146244539978,0.1209756549927102,-0.06234047095348517,-0.04418787392281436,0.14719302030014647,-0.10189315001392092,0.14739819711494345,-0.26645033720482,-0.05035941999618285,0.16717845961655528,0.0960051977120159,0.03283751601228932
Are you touchy about some things?,0.15410076192310487,0.09479314614918495,0.0031104011206542254,0.009050146735751824,0.017761718886732704,-0.06780617736454841,-0.010417249206481063,-0.0832492287503195,-0.19561409518134432,-0.012434370462589753,-0.18075661852085162,0.1112426783290411,0.01064652012528887,0.21824622504697908,-0.06758995441865158,-0.055543054077375795,0.032698860248298156,-0.1629416239733923,0.07125873629461882,-0.17313405496779286,-0.008121579986475136,0.1310969276808905,0.01990897710610637,0.016105960390078694,0.2911978488441216,0.03886856887020355,0.07559142725004259,-0.052875453471191276,0.10934903593070065,0.16019099635423967,-0.02855817254436527,0.018593429519411325,0.03260100165761029,-0.022735797710821404
Are your feelings easily hurt?,0.08911683613378622,0.01757044508923994,0.0845712974994522,-0.04827247433706146,0.012199417228747558,-0.055867651520720964,-0.0031374978743955746,-0.005840380120523406,0.031946294307132604,0.014712057926273583,0.04129639441483559,0.060316664495593066,-0.2065326790734509,-0.05428472086196792,0.05792364807200454,-0.05613734486468423,-0.012749968740451327,-0.05838048306382348,0.02100117848797123,0.0019211241893432017,-0.07672640665680601,-0.05389541117475572,0.09580498293764945,-0.03278185091378618,0.09495660464906655,-0.11379062932085365,-0.07109232762645906,-0.05829721975891761,-0.09546214299693462,0.03218086977596169,0.09353458692001547,-0.07422959682387327,0.05401633344389921,0.06809626968621765
As a child did you do as you were told immediately and without grumbling?,0.03050757565121864,0.17897338904703375,-0.26100778266487423,-0.02682998150731136,-0.06765160336170885,-0.1836772582533268,0.06031372671092661,-0.1753505988489916,-0.076625760450318,0.17306336477776998,0.09537137238242034,0.07798737708411631,-0.08819026032447669,0.022030778931718228,0.09954039696493093,-0.05354010915995727,-0.17196360790139506,0.16542862883197024,-0.041079043437343685,0.08441328521840899,-0.17161224117656632,-0.01924929485436732,-0.0655029521173428,-0.08469415865983007,0.025117480128980976,-0.0033160587235764997,-0.010833101694513108,-0.07431153693660887,-0.18846913632300194,0.1424338976419815,-0.08522106677423853,-0.2600269257309345,0.06836292590455123,0.10718180393060944
As a child were you ever cheeky to your parents?,0.14753774372127543,-0.01978074057437276,0.10906685350384852,-0.09292155910473236,-0.021123601007549578,0.016291498689430473,-0.024332932605248186,0.09518299621744945,0.08992719321272469,0.06534733032013605,-0.06823803578825309,0.1303789803734483,-0.0032046477935093226,-0.014512826940608252,-0.014339871616108096,0.015476935797606473,-0.02044881245170239,-0.016450923983987755,0.032344380083873164,-0.0024552108980372225,-0.12187968038845616,0.08386352738443295,-0.007552045565943802,0.007443653629683443,-0.02833993131188944,0.03961527467290808,0.0019765019193525727,0.042001470317353275,0.08467563794263801,-0.029591223574432536,-0.11088412867036955,-0.108760826630149,0.10471224966606629,0.011877251675280384
Can you easily get some life into a rather dull party?,0.08401290697370034,0.152797652414899,0.021274252812038923,-0.18328828079638154,-0.09530435602884357,0.12888836301160528,0.0995941036149775,-0.18608472212770072,0.006419064270241313,0.11339906833084333,0.03768341828683675,-0.09643823709689639,-0.0498827426285044,-0.0032804692162384445,0.08217518866984766,0.3663002080951652,0.2740307835737809,0.10276143314732918,0.16564676382257282,0.11172215349272566,0.08672402658520037,-0.10263448995904934,0.1491046073611073,-0.03545118894868685,-0.050929670022596706,0.11790791567929715,0.023336191433473232,-0.07894703523457917,0.06319028260219654,0.1643556375722622,0.18324542823151513,-0.12185150518801811,0.04100278850151016,0.022182349042811852
Can you get a party going?,0.13123572826397437,0.024834596709250468,-0.1554217821433329,-0.10705577032655025,-0.08705084632385238,-0.10903228667089349,0.06768647530601637,-0.09482096745829038,0.28256343193472105,-0.10773438084097985,-0.17278477564240444,-0.17207307658305412,-0.01210072751528091,-0.05320532056818396,0.004282429823382557,0.10242671739467872,0.034643660745450375,-0.06293113263865878,-0.1616866054163996,-0.17281735557747638,-0.09455753181162423,-0.1762524721426044,0.17028570857818023,-0.05357255354715693,-0.058898094084607076,-0.14629148772333972,-0.09510702305568465,0.008045747794518322,0.011587048580565166,-0.12704122321607708,0.02359203257020135,0.17047864710335653,0.03117684941183467,0.1386414663976632
Can you on the whole trust people to tell the truth?,0.1072346289682344,-0.019114013237533367,0.003378154174961823,0.04670921626305587,0.22132906707914626,-0.21043556530278398,-0.09802270933112386,0.008754009112440642,0.07287743180098952,-0.028950819241570558,0.25645559929018,-0.04258925339266908,-0.1737137804574627,0.045723471089593,-0.202337154422458,0.15831402503796543,-0.014479752344968367,0.008771216737095518,-0.12213020346168307,-0.20059991376574104,0.017925273986833065,0.04348316130482008,-0.16970117086806097,0.21284945573315364,0.07557481974212454,0.03512868813197128,-0.058358795362655556,-0.0714228943855333,0.11593346035341787,-0.12260152381708231,0.047531186522455755,-0.1191455103564948,0.21387118785984455,-0.1871401681741132
Can you usually let yourself go and enjoy yourself at a lively party?,0.09999333834583682,0.047770048274858895,0.04684363167484022,-0.2225964555402131,0.11394862828185123,-0.07843092324209137,-0.032130412073825824,-0.07418940783490144,0.0399952725944672,0.09830745329149675,0.04272726890565737,-0.11609577523225215,-0.04658890594434839,0.023121753431700434,0.177761965904064,-0.19927172698898998,0.052787722568634725,-0.04662684632485173,0.03285082960907641,-0.12654255752989357,-0.03357468172751776,0.05541101331078075,0.09070726262270352,0.2126994235424826,-0.2023681100399197,-0.0622799340553546,0.16525223977251954,-0.06841419302321507,-0.0365300270461517,0.07624979588247631,0.1649713850579838,-0.21845485016295826,-0.16284775938810192,-0.28247975884353665
Do good manners and cleanliness matter much to you?,0.058392394359147635,0.19425438248878435,-0.05576940086446551,-0.007181631858911797,-0.06287603519302,0.016198272744807837,0.14641352443881236,0.007875224221913526,-0.1395119482791116,-0.012668663749555305,0.004384189154493879,-0.15707605546759992,-0.06664279191486405,-0.0073846382450509715,-0.02392948274494002,-0.10685630768908916,-0.128367048567795,-0.08894071997648811,-0.20571653763532113,0.24596256055248816,-0.11942288115303555,0.04876541074061883,-0.0820239609874189,-0.07671619378134763,0.077717527050795,0.26359402311734154,-0.014530432661234806,-0.04621443644313885,0.19002381121163725,-0.07374415894256552,0.03292305579207177,0.05463502943753827,-0.21475529839114066,-0.0036440819663335596
Do most things taste the same to you?,0.08298968475065374,0.04369969287655811,-0.0801787228142245,0.02860573336789512,0.03515174190457487,-0.03166286935452656,-0.08578586692279233,-0.26812865905425787,0.02529785078883023,-0.17205451965351842,-0.12075781936043131,-0.12289994724669634,0.173676213528677,0.1381640453359256,0.24805158093199148,-0.03811795143400216,-0.03280712125897082,0.06541061153706337,-0.1236819357671196,-0.027146017000482508,0.13400532290973827,0.3250815287372488,-0.013784460119876257,-0.034808257381430785,0.09825975397503758,-0.10186314218564098,-0.04038769750293995,-0.09294089317826228,-0.12369306062114346,-0.13513761491280235,-0.033523380601625824,-0.06550808299499374,-0.009591179121950547,-0.0702866440508749
Do other people think of you as being very lively?,0.1507154590969576,-0.03294892457302876,-0.005560008382806515,-0.004399933441063738,-0.02059239047166293,-0.11779826482708759,-0.014407961818226876,-0.020787524459910143,-0.15097877431035217,0.19676346699264452,-0.21509313023371518,-0.02044781735938481,-0.07198774909438195,-0.16549446821194977,-0.02594038512924832,-0.15322603196246443,0.19534320219705867,0.12690083163273252,-0.08852932891544953,0.0838797866502046,0.0588736584682647,0.01051597399725104,0.003469902579537542,-0.01150706718600231,-0.02500196825597327,-0.10267569923338442,0.07350631484892702,0.18196460964549344,0.022710724366200512,-0.0778735680928709,0.07931967191285758,-0.014879746401448988,0.00022488101883375128,0.09506277815546435
Do people tell you a lot of lies?,0.05119011521353809,0.11906380483583569,-0.22452458802304257,0.07146877912255781,-0.05384750867643487,-0.07336768894858536,0.10748275538197215,0.010600577525465617,-0.03876130949299711,0.021188623330857692,0.21397209194113484,0.2566830567550531,-0.23033806998959408,-0.018803893877830467,0.20338679267638182,-0.09575019142446213,0.11837800925143009,0.1724962376135974,-0.0417313638295196,0.21173712416464455,0.08750110411034095,0.113017944899922,-0.03090957296612959,-0.03091338849939052,-0.0018121525277981587,-0.08426669453238848,0.04737931446029367,0.0031861360344547294,0.15651784257307963,-0.1491557815161035,-0.2036617666448627,0.07053506804313193,-0.03496722710550895,-0.0437446735881977
Do you always practice what you preach?,0.062410895974243104,-0.020361580736313653,0.005942157140962906,0.15979795273233668,0.2701504482527091,-0.10330814800308155,0.04796632102890806,0.054464845859095716,0.08661861436931642,0.06499641888769553,0.14148347826323204,-0.01615935623191624,0.11918274881378654,0.09093354457328578,-0.12701295516801347,0.061736371381718474,0.03632996438893213,0.09398584246576565,0.06688548235431842,0.15824043784923145,-0.007538632746813592,-0.09607130147126347,0.06154839682605129,-0.04367410172380437,0.06365793323640073,0.00546137639031393,0.2219620191526201,0.10197925515828095,-0.1260880311360778,-0.11412611424016904,-0.0762237315159622,0.11023910663421063,-0.15090585442156235,-0.08970317812601804
Do you always wash before a meal?,0.10776731908230058,-0.10478724458979986,-0.13152419993316739,-0.01607156195955036,0.0221622359234909,0.0038586366669563408,-0.037542487954538836,0.09731256039302864,-0.015234989717699302,0.049598809636600974,-0.05936955624256726,-0.016627820894488908,0.05008744220992679,-0.0005596060967736744,-0.004158690586922644,0.007273026891081698,-0.041500491991207235,-0.022941459384741084,0.037096566613433565,0.05026912821864724,0.008950379238015664,0.0036334788118650473,-0.04069097338480981,0.013277568129249965,-0.058066172212776046,0.004341948626944329,-0.0281841570900099,0.01946227297068667,0.07513404817536372,-0.032513181609077,-0.014930332320343416,-0.04236656945942386,0.06160538284480522,-0.05451573952747916
Do you believe one has special duties to one's family?,0.10748079496640414,0.030398628377589804,0.04440670011921896,0.18124686041824056,-0.06730709790780053,-0.08714012048438266,0.17524691984970428,-0.06648418406150781,0.06326884258034252,0.010457860851388166,-0.08017457200766297,-0.15591341063199812,0.14037637560605076,-0.03198458792410154,-0.04283356979767939,0.08172334083158488,0.15403227435183245,-0.19335268697675537,-0.2190617492629626,0.2423448448091257,-0.17190279867066482,-0.13488500815146,-0.20795597135256835,0.14828558571064776,-0.05054246787008939,-0.0066253557366029794,-0.11100520087143599,0.10581572358754293,-0.03872584022023945,-0.10229718280739433,0.006219372791761881,-0.1170127631109868,-0.0704318706003604,-0.06637265496057941
Do you dislike people who don't know how to behave themselves?,0.15226890269771245,-0.07485436937013934,-0.0012838072127392538,-0.052297754789657876,-0.015101160122054206,-0.1578834097629678,0.0008586732380836881,0.09740910590028692,-0.01627765471427305,0.09606614018777038,-0.036896091524070036,-0.006166516213328917,-0.06442212994998255,-0.054506472711176646,0.052263525103736476,0.00617854662362437,0.042189467107237144,0.06781901787242083,-0.023288741700467738,0.13148316648559816,0.08210585851352772,0.11067052385972877,0.067188674882133,-0.19208865458395902,-0.006591359450003335,-0.02670248867064607,-0.033250642637710326,0.07271887790236214,0.0031683212282583124,-0.04238884220881146,-0.029506823677531113,-0.07821946661544388,0.11893149605513006,0.09585618833048425
Do you enjoy cooperating with others?,0.0037078259702876064,0.08070950448196361,0.010667435928623322,0.03569657461816219,0.06816612809449137,0.007417204226288798,0.06420774527170285,-0.04959459107644565,-0.0751203410314768,-0.08424637447086948,0.055048124910567486,-0.08528143564119078,-0.07280087734535567,0.05239439526813267,0.00024122976465991417,-0.005275573811424868,0.013834287271338213,0.02535964992643512,-0.026298080806312473,0.01682224925391255,-0.02921620955014163,-0.008649617587972834,0.05937249723152378,0.02960450470310913,-0.12849145637546444,0.149646680577003,0.0666410051459084,-0.12055580252251459,-0.06316516120658272,0.04992353573898575,0.12694203879999819,0.05813487608979315,0.5321189151329173,0.0014263984753080253
Do you enjoy hurting people you love?,0.03448400002724851,-0.02159664644253263,-0.04344481636610256,-0.07820909028453517,0.06337292508153262,0.05908960223464468,0.16318729093124337,-0.008143662947996929,0.006321849551053189,-0.029392209104963245,0.02462873908549211,0.020624499414613768,0.11566713629986757,-0.039093351189285884,-0.04878576181855158,0.025316254474412166,0.03158366228959503,0.07654026066649666,-0.09665088606929638,-0.08074386406036049,0.048402315139787544,0.04604867392682761,-0.07048934607968468,-0.03252803772640044,-0.027999587187500383,0.05121176339121692,0.014004692166426741,-0.022773798420388913,-0.022391216718598533,0.03684093060992272,-0.08912258233374488,0.0045340593945114235,-0.034305488288972945,0.01941479585255483
Do you enjoy meeting new people?,0.11365719392127825,0.19552020506962114,-0.11300388746280056,-0.0517806521647324,-0.16939854374743846,-0.16590498804653672,-0.06730413605802264,0.19657246656372618,-0.006279834434663609,0.02524083756667339,-0.10904502636086957,0.015939293715506064,0.02151745936859804,-0.05827957483892758,-0.17389790823480175,-0.0411708839878794,-0.010117813698270289,0.068536769790104,0.14309580716920114,0.07172408618839662,0.008820466555763747,0.05933645266658009,-0.1353647689380591,-0.09288676714105674,-0.07245045828737458,-0.010768246017134307,0.005305866277133967,-0.16951141068311956,-0.045129284628585696,-0.11211662034469502,0.02029668979470111,0.2899965844463375,0.032112726291729586,-0.1684500397430812
Do you enjoy practical jokes that can sometimes really hurt people?,0.053349845002331545,-0.04242175971022859,-0.08338121760059483,-0.02561430239080664,0.06272848285556945,-0.031212832611486302,0.0040165235533282115,0.031141809743633245,-0.10416418478608018,-0.08612522572658819,-0.057834783802488555,-0.0698182773072044,0.0492181041033174,0.00896634484457943,-0.01038388736744641,0.07666044171626632,-0.017689454316089342,0.020008937679798902,-0.052237902480454804,-0.0047246546237503404,0.10484493718504738,0.11682141938509578,-0.09218519766005352,-0.004388196506758911,-0.0978079975224996,0.04179400020240958,0.024397297811546724,0.0363229011109459,0.10802964270469527,0.046514794438344234,-0.11924947553052491,-0.025826243567400233,0.024808125766580584,-0.06230153511368874
Do you ever feel 'just miserable' for no reason?,0.06084041172585985,-0.04932585451718134,-0.10285209390491998,0.03839670862295133,-0.0020363020214115516,-0.0319101956165843,-0.016438769552127346,0.0010139207507385865,-0.093282585142274,-0.02749816696152995,0.040502322257040854,-0.021167906637189614,-0.10716143680481074,-0.0020717009076861906,0.03213364163409087,0.0017401100564960993,-0.06834729362508213,-0.08878903688911421,0.1174301956471056,0.032370685712195243,-0.06128601272601796,-0.07075548379342891,0.04132042186995342,0.009883757801822268,-0.018102790038811874,-0.024617543036492266,0.04521754270577186,-0.0016742802188223081,0.020291698279172692,-0.05787273900638123,0.043730347792202355,-0.045880010506558995,0.0501150067528959,-0.033739781971799124
Do you generally 'look before you leap'?,0.026352989197351608,0.13334758568102942,0.06878154680218981,0.08644007410954853,0.05902014646172007,0.06322541271792854,-0.13110811997482744,0.04649034419024913,0.10987219412758872,0.1791620121125606,-0.017423299555981875,-0.12689811745032314,0.00339104113862969,0.04286103133426278,-0.02647992879711726,-0.0005558394190660516,0.10612083404089612,0.08319977182983347,0.03444036506182629,-0.04776395089361376,-0.0853343730859527,0.057488325290525055,0.0996606946167053,-0.08906327336473385,-0.21833885693044328,0.10527588814286529,-0.1452026635183024,-0.2527766346752608,-0.008268327088212438,0.03638769043366786,0.0034176406937243132,0.09895863971070934,-0.006293607086596371,-0.0068736618853377646
Do you give money to charities?,0.08890147410721755,-0.08396213132210392,-0.09158779869867509,-0.06866634985327887,0.022806678149454095,0.09416107151308734,0.12162827942337621,0.058027087701398514,0.09525104461943407,0.10633182625822588,0.023093966645413338,0.07381495582732922,0.11653647440647688,-0.04861930213063897,-0.042560565038027805,-0.04407116035077239,0.0077726246144771026,0.03358986360195671,-0.007316416975408068,-0.02575008121796293,-0.04749224280724414,-0.0671392666464031,-0.018995121804440938,-0.014862273090391438,0.011742238122223072,0.01375971181575162,-0.03857676273512986,-0.03963442656064816,-0.055286811247930105,-0.04218704543749832,0.01519656087643651,-0.012006266497512161,0.0024917687892515856,0.02720059143876432
Do you have enemies who want to harm you?,0.07425780179347176,-0.07097580614893716,-0.15760564818259684,0.056578354551315484,-0.0968587814444614,-0.033823428082686575,-0.07449042662374883,0.056921625495013596,0.015390925451619464,0.022707619063564496,-0.050394218846156226,0.06722135100726774,-0.007531466804805211,0.07191003621841933,0.10685981925269375,-0.0013026359961571935,0.0682192825607209,-0.11559340110996029,0.025517524864811684,0.02166903973021592,-0.08007447165704024,-0.12708800886191846,0.018854179955754936,-0.09530821477158205,0.09796304776285593,0.003925933422866693,0.007646301655933534,-0.15191538918002012,0.09561506479335677,-0.012300411872278327,0.057313259526221766,-0.16715543919439835,0.08835749011684754,-0.1580681191208674
Do you have many different hobbies?,0.10035011896344695,0.17933694039296383,0.04798435618140752,0.018473717951792673,0.19897836199775892,-0.044526951602096326,-0.10389613112489965,0.024287089032616636,-0.08100251912687051,0.020373612501136822,0.005193595306243571,0.3883955334594074,0.12840396791829206,0.00705565213550653,0.07461030652456632,-0.05507682726086582,0.15004992906600353,-0.1620876073863245,0.008469619613563033,-0.057333921387674555,-0.01981548036202889,-0.03367259660555134,0.05328449736153736,0.11964936801401688,-0.09770919211622853,0.07843653824945183,0.1364414858154892,-0.0843685581547902,-0.2199717271159993,-0.027193210482590522,-0.004144943771603303,0.014176737676773118,-0.12836664539619752,0.03157057390431528
Do you have many friends?,0.14164352118399726,-0.00939635413959731,0.013005419831405416,-0.04479438405561221,0.09825520485515667,-0.1500901786146661,0.014304001976069665,0.04546381797956928,-0.10860737400893342,-0.015634289684753826,-0.0063546967805725,0.014777086393539541,-0.10748629363012412,0.049925565202344015,-0.013152009799626175,0.07071783217223127,-0.13924932238151036,-0.054600628994220364,-0.05787670388470048,-0.03790093290791486,0.009878869396158141,0.0002409338001947915,-0.041437547412681935,0.015837037161487464,0.08432880675596238,-0.052969426387510926,-0.04956471962239483,-0.12402251018106238,-0.15297028835587284,0.22936260997268737,0.012930760914128538,0.1432135084162943,-0.06357030849838131,-0.11778584690466576
Do you like doing things in which you have to act quickly?,0.047136402730756116,0.1881762930966742,0.1593596644684657,0.09223668340464693,0.1486969470895649,0.0629183458793708,0.024719156754878728,0.053274874493368436,-0.08674742533185974,0.1948640100925526,-0.07571337586021284,-0.22722598173500066,0.020966695582624977,-0.18776700352730472,0.05835278936532595,-0.0900400394072816,-0.21861091224164853,-0.12357166336957642,0.10112800981048001,-0.027267609231234415,0.041444552696019515,-0.03451536268187462,-0.018526005790678406,-0.22466123535233745,-0.07541132673870574,0.17785446287848067,0.07576758342286043,0.05469163965417744,-0.06469615408701428,-0.1456032434358631,-0.029845875643655432,-0.056141862784702054,0.013688826479505456,-0.058423913771287354
Do you like going out a lot?,0.07027409563905655,0.08538881512560992,-0.1129667960152512,0.021810792165436438,0.10744927845597743,0.11186875312733875,-0.010484965041748933,-0.0730395351560171,-0.12471240666392658,0.04954311837138872,-0.2211236279292511,0.05394437980634834,0.055884247137726696,0.06854308040419156,-0.0112483022767126,-0.2782726584312726,0.25498357756577456,0.05605617894120998,0.0891595191339826,-0.0441867567952797,-0.058361932620902696,-0.0748258256280133,-0.11155938137390913,0.006880945980861337,0.19200422702298475,-0.0704725779057497,-0.010136961305507028,-0.024584844924433764,-0.05433444352996997,-0.17661010704715027,0.04970920893002063,-0.08548708982827258,-0.023241553938903772,0.07253300797881149
Do you like mixing with people?,0.10234572140086227,0.12436481467585939,-0.10799255390202422,-0.1379270842837794,-0.1967956475114931,0.003997980349386917,0.007006000918484795,-0.015397663902540012,-0.021236508194340142,0.18224573808308345,0.06569775273801362,-0.1891678493408645,-0.01191902278618403,0.24736278827306693,-0.07439998123247467,0.014204280517984096,-0.08010338486286621,0.04163762470061456,-0.13672657053477272,-0.20209178238530995,0.019340307376352815,0.08725155008014754,0.11942894841121517,-0.16324195713273318,0.06415105147934459,0.14228448054416762,0.12039815587141851,0.08211247849175811,-0.030319426163238863,0.022715559239600735,-0.08731433291421047,-0.03238085012001542,8.972388757384398e-05,0.06536333465950793
Do you like plenty of bustle and excitement around you?,0.09678147721441942,0.1573179760595864,-0.0008911732263748945,-0.12726384101514432,0.2128505923959977,-0.13429544074595676,-0.03193833898079923,-0.0847187372152128,0.07514714370303302,0.15646721163854693,0.058391327767462996,-0.015162625807712353,0.03697686107411342,-0.013780600155444757,0.11587880187273816,-0.1065073056210924,-0.1614250255539146,-0.22718489547369083,0.036626643770249497,-0.0287581540417197,0.06998863796919085,0.024737517384864724,-0.08835307500100326,0.140576427985571,0.13275027528678235,0.14998132575524437,-0.08339850030007545,0.10491106075600105,0.047444077917405535,-0.02511352745997354,0.12660370719044794,0.3093421209244055,-0.06976365990840777,0.14094280661824476
Do you like telling jokes and funny stories to your friends?,0.10381260194863605,0.21084347709840626,-0.015506681081181972,-0.16310816706146816,-0.05466744751133305,-0.09192476701849925,0.15638682973291065,-0.01550520295590233,0.02291264683537621,0.09258754158359231,0.15531902264133093,0.07937478040899884,0.01915698139671267,0.04461767915122576,-0.25422636603839116,0.06400059360581195,-0.08640353502325386,0.11075368169859437,0.22108486227720803,0.019962276134684345,0.09404869834262816,0.04446093560013954,0.03191132406664573,0.006609278262002091,-0.04801075718810649,0.06019659628930847,-0.15590909816165222,0.2702129985845333,-0.08783761666750273,0.005076522268931055,0.14063141672869675,0.10086230179301918,-0.02182580790164287,-0.10585740754826505
Do you like to arrive at appointments in plenty of time?,0.08299108906864441,0.06050255239546236,0.0003413227290309978,0.21798162444345334,-0.05268707213316453,-0.016397315341752226,0.10353638501655242,0.16615668138152212,0.01768579639736216,-0.15390222810863774,-0.019615342353986723,0.04084594570887107,0.12141076741247235,-0.08468457800604613,-0.028261448544176726,-0.05240469119787018,-0.13807745249583261,0.2509099302384521,-0.12764099551563102,0.05216390397835482,-0.1031585616575898,0.05111694669112348,0.2116660859662325,-0.039932692336804874,0.08660381195807158,0.04225332450568999,-0.2267486719679977,-0.06680469970912989,0.07827730636371087,0.03915266349300052,0.2685809021314855,-0.18054065917512668,-0.07206196536687366,-0.02865331133773787
Do you often feel 'fed-up'?,0.09840589074700884,-0.010280347679108973,0.023237494819627696,-0.09527213111628724,0.1131130130909883,0.009347579148907147,0.01082536226845988,0.07412975259714752,-0.0035622151347638638,-0.029082767011371174,0.01117144082917957,-0.04185925125396728,-0.03993101367578011,-0.030133413838191354,-0.025369186401658368,-0.054231842486274044,0.08635434949288238,0.0009531172592458994,0.08114342055365126,0.006956536093309655,-0.08102949151289768,-0.09556386609883669,0.028922636444709802,-0.019567175237628163,0.08434979641455898,0.11894755854891698,-0.08625856354831897,0.04329696150312228,-0.09894778344213546,0.1222403623787008,-0.02429842388342112,-0.023994685527956756,-0.07067384628956222,0.042526044991340765
Do you often feel life is very dull?,0.07784816698418114,-0.047246828435465085,-0.0315291814107236,0.0026872498296396543,0.15052533563493253,0.03979114151521871,0.0031040000438496375,-0.04542366368933739,0.10698012166159603,-0.06714881838407497,-0.0027014182184498655,-0.03854950022823941,0.01037699332486907,0.06710490827625225,-0.09157304864530288,-0.055862904355899155,0.0030965773601576833,0.12099129672169877,0.1364638247511997,0.07663381611137952,-0.06480328982744023,-0.07861495822241937,-0.03332880355738684,-0.028343510717525364,-0.059244922635758535,-0.0014406002715038255,0.042372895189817184,-0.04694088527835777,-0.03729369082097496,-0.03938372592731624,-0.017905121426182342,0.06272364082346871,-0.11396532837947743,-0.041465478008784126
Do you often feel lonely?,0.07524979745586315,-0.11497916677954452,-0.1525888625589293,0.025738107935744974,-0.10527237900945831,0.0004651884344027027,0.07954094357088082,0.012576575581101902,0.008155045236486825,0.06755996206140907,0.06124575503579995,0.08118267341879493,-0.010783847833703142,-0.0807109777141337,0.018365287255721237,-0.019693841296507458,-0.06609965266964679,-0.08918701010500643,0.003049844434010374,-0.06234356476558035,-0.03148798179190083,-0.07497802078363398,0.05016863176235497,0.010955765358474572,-0.011789021545616939,0.03551778102166788,-0.00417883159651738,0.0006660849020133533,-0.02614874568843615,-0.03137210467044229,0.057822704515642157,-0.004482912788688267,0.0535608673255411,0.05402339061585111
Do you often make decisions on the spur of the moment?,0.0847066001861591,0.007948859718060256,-0.16963567119643705,-0.06840565470105428,0.06850053462453826,-0.03680218500592833,0.020633749118100696,-0.06298672893606766,-0.062406693367807846,-0.011783399970958,-0.08096677911551112,-0.20825957656869393,0.06743916813836472,0.006844797945615909,0.0931986176004632,0.035291994911761354,-0.018250721605116184,-0.022083011152708422,0.10017849960827942,0.08939739246604869,-0.2041825632259081,0.03487913392367168,0.16131003200421606,0.3016085039824447,-0.11521354440838573,-0.18968538497352797,-0.009208905672040165,0.17701019003506802,0.0708345415213008,0.15748084809370244,-0.125615317833937,-0.003319834658340593,-0.042989550716005756,-0.0009783549652051808
Do you often take on more activities than you have time for?,0.15340395217718497,0.00824304163109757,0.06318089105767474,0.08806044710220344,0.022396132244601182,-0.11716987198081964,-0.12675315947693583,0.04033073466066922,-0.12274894200549362,0.07874199707511376,0.0794378073447575,0.14446699956404938,0.2809579025898881,0.024044563722857626,0.08450410096130691,0.24999753082716206,0.17521973720968112,-0.12695941225924376,-0.14638076236755004,0.10011431236857404,-0.03384273655887047,0.021405697139049648,0.26777068859866515,-0.08395911406611942,0.087713615039101,-0.021806468157212093,0.13632860411723843,-0.01646484291563809,-0.007898045535168053,-0.07267657404736333,0.11462371403382036,0.03131581211228354,0.06951508387320277,-0.04482183901968851
Do you often worry about things you should not have done or said?,0.15553969494499031,-0.05725428802298144,0.047803480358399354,0.005558858040447232,0.056274158909372006,-0.025913057902634918,-0.06780639526118948,-0.10044613373612811,-0.0009341407992880382,-0.17340306838642935,0.07076545680096363,-0.1016191984180664,-0.10148789816511967,-0.00440455427510763,0.05774104258990764,0.003894827420592986,-0.06319172002439973,0.0804082368853762,-0.06873739176767807,0.05510531396796041,0.09754343681510393,0.004657500622623135,-0.02613303226088022,-0.06994687345492416,9.099103126992932e-05,-0.06536750187325516,-0.07507272963425272,-0.03477998817706319,-0.1350552034736674,0.07404613871278218,-0.06629279030076674,0.0828870893868369,-0.05524557838900664,-0.004037373876645345
Do you prefer reading to meeting people?,-0.002520954169324439,0.023175450546458285,-0.09436023452420157,0.3347154853759002,-0.08406823664363713,0.08868781111108734,-0.08925516969612808,0.1763450835313255,0.04589761346386528,0.08510337279470721,0.016425479559922802,-0.2006641321183423,-0.09333998233221087,0.1828192702464858,0.05792106092011061,0.057724232888227,0.001661688917911004,0.17311259603578427,0.0910049936748631,-0.12342224728130426,-0.21905647751644103,0.16370766595382438,0.016609695957194512,0.003921922748649399,0.08684339448466684,0.05834290920406356,0.28906266390041924,0.007628576237043892,-0.21378273141572265,0.02294243314941089,-0.05803991777234655,0.09349639606161804,-0.06986098088325819,0.1533419092933077
Do you prefer to go your own way rather than act by the rules?,0.07673341611044432,-0.14034806982037604,0.045008059449249065,0.20807690997777437,-0.02334040082423014,-0.11491688636105109,-0.11521161733474398,0.10542825846884207,0.07853939315232267,-0.0010800987488040286,0.3125229656910764,-0.19126720901717675,0.020295038202345426,-0.09576026524279169,0.05159649393311125,-0.12691741591478922,0.21344983346524327,-0.07147426444027224,0.029434741139659885,0.01893380243397545,0.0012953304401946675,0.07761308543073896,0.043383283617398925,-0.05820042447249099,-0.01581266300869834,0.0006963951480373209,0.10246319645494542,0.09386824450384208,-0.09576806508550732,0.011279635703761965,0.08900983341067825,0.023946405086768718,0.06088805473301326,0.16416961806167016
Do you sometimes boast a little?,0.12360229166457036,0.07587496855325525,0.010701374532273515,-0.06059789709781297,-0.05928810216127923,-0.0910653570683527,0.07638577563391012,0.20638833653371608,-0.0478038658421599,-0.2429992832232572,-0.15148095776077747,0.012045774499756492,-0.09944634795322144,0.2819746140583349,-0.0501264995248351,0.17868945551132487,-0.12051616810042289,-0.09938097286830315,-0.08780681502679019,0.04950748415292819,-0.12129184355629612,-0.17995622294344962,0.10836583374875934,0.07665555307048515,0.03147321844108686,-0.1257394100246247,0.10970037440095828,-0.11447719053367693,0.03469886279937062,-0.022090465647377835,0.03197754637943205,0.08695046169752807,-0.1266690443050006,0.1037029583915129
Do you sometimes put off until tomorrow what you ought to do today?,0.10967867582192926,-0.1191795370775237,0.2822923326906389,0.05313759280179987,-0.013745586890618174,-0.008470938004048311,0.0596559343897705,0.009495584872809834,-0.01057245054291544,0.1407408464051551,-0.028689453429237947,-0.06705617412044504,0.012741311361031732,0.31568673066430764,-0.01963756655227073,-0.06112390427269015,-0.028802536037431773,0.21347466843522936,0.077777138310908,0.06426842201942659,0.06111315559350501,-0.09615619797478213,-0.027164416048328838,0.08408764021326111,0.01565401113073561,0.1661369918287386,-0.16939284085005674,-0.21735011184607506,0.2148693931185053,-0.06041765531426716,0.05319961924819063,0.007709387218538435,-0.04068558561046942,-0.020263967403432795
Do you sometimes talk about things you know nothing about?,0.03847512235967519,0.2061152983414419,0.02213255695691863,0.03948792093759695,0.10819196291097156,0.19610548678095754,-0.14674677476820244,-0.08737349144324708,0.11103086271837344,-0.07909391448608773,-0.04593987345872973,-0.10182065201064786,-0.10457713017265974,-0.11919826478814335,-0.09838661684699362,-0.04919754501400342,0.10162702959926556,-0.14518812579139245,-0.08083071457893108,0.13347113760580598,-0.152373857628383,0.09112945301689626,0.11025548684122492,-0.07697524302259971,-0.21423946259167065,0.07828820350783638,-0.12745708914967557,-0.12409379546152019,-0.034015778081587365,-0.04043198657728363,-0.22361784620688427,-0.11100669625225983,-0.05826079941065963,-0.0298415471610585
Do you stop to think things over before doing anything?,-0.010559758835066945,0.13150030371701013,0.005565115973367612,0.08589934567477547,-0.06771521370134513,0.012248644680178276,-0.0003845862701850904,0.029751853551843337,-0.22545940656039745,0.05138274804809191,0.19272335435484927,0.04687082764808469,-0.14183294524027182,-0.10668904649053973,-0.04722853897281157,0.057582604802244385,0.05651369568895802,-0.07981731191412242,0.07926127766583171,-0.2295960013445394,0.0014681442272630077,-0.059643281838332805,0.11224053251080325,-0.23083189238641214,-0.04659319297192927,-0.16915691571176522,-0.11841228750336766,-0.16532138125200377,0.20243951432782617,0.006217287105232822,-0.024020048076621114,-0.040782026723481975,-0.36375642507157663,0.02588003279667147
Do you suffer from 'nerves'?,0.12261759696062924,0.011868082962845937,0.07338122062928189,-0.10828185442697671,0.10760318723598854,-0.02462612628712184,0.01991443182851625,0.03245578081144149,0.02341220160556616,-0.008964622838612152,-0.006696891681601957,0.021723667046258034,-0.11826346590170217,-0.03375571064793085,0.02226877824140683,-0.029995783533683575,0.015341442743565914,0.013012422629557593,-0.010300903456965337,0.017855538651276825,-0.03230606857195398,0.008434675586407724,0.015130507324224626,-0.047884968391598705,0.05781823572173679,-0.10377266382260694,-0.07609264428999192,-0.06028602493477543,-0.056016354424333996,0.050030796611605775,0.012596777335150258,-0.0909043954619852,0.04088584705904474,0.02353410254082985
Do you suffer from sleeplessness?,0.1050413469550139,-0.07438746498598245,-0.11000535844542274,-0.01906174588898069,0.018200301387744516,0.11034137879451443,0.10060766669551224,-0.040989208996123676,-0.1288436933324842,-0.080457761033246,0.1574868596162537,-0.08264711682944688,0.07411426841057084,-0.0373361639551351,0.05632999968653339,0.04365379045804944,-0.06708752200446236,0.019527546142933398,-0.04612124871089765,0.001866019202635422,0.044054224786711324,-0.06727708888809675,-0.05343626988766289,-0.04301187588847525,0.021513398943177213,-0.011711664370991234,-0.0007087485697996711,-0.03228765457142834,-0.12127489808020034,-0.05498528774410327,-0.06696081065262091,0.025469973627211432,-0.005249282539479781,-0.043254197708520015
Do you take much notice of what people think?,0.10323551614411437,0.20298220242124115,-0.0907824071546035,0.06364851250506107,-0.05608627216077681,0.01606138568140832,-0.1998522448521045,0.21506187019606354,0.011559976504534521,-0.03650647189453233,0.05547964706843411,0.010582907675652805,0.07949327536825862,-0.1373138335407755,-0.10307120949194275,-0.005109967396687955,-0.16229582415194876,-0.08875348446712825,-0.17227434989940255,-0.04368612605580937,-0.03691821868037021,-0.0021394686185842093,-0.11255356914945308,-0.03130086374348301,0.0009108434599744343,-0.07890740508139568,-0.004528198754011719,0.032504392776984525,0.013819582284667694,0.15001902659137184,0.016695303693313252,-0.08373898218250436,0.09608399324599241,-0.08096329422973571
Do you tend to keep in the background on social occasions?,0.07249995003500123,0.17993965537563736,-0.11842125568386734,0.1463151357937304,0.10302398590279029,0.11578491937571415,-0.19380282738975715,-0.1474723647158186,-0.07498747655746256,-0.023909992182255427,0.04922611709279913,0.12393837704208106,-0.025270269822114545,0.15034691158298424,-0.19835538789865031,0.18274994588908716,-0.02348323473614969,-0.0027651832871892325,-0.1111168299233935,0.08567194518113944,0.07001504867528614,-0.04845659629327029,-0.12949414343502624,0.016784148890835026,-0.22424630840500215,-0.10679112834461968,0.033495657566574195,0.17717639755273998,-0.01163215077201038,0.11289329613664263,0.08535323289139128,-0.0900265658680126,-0.02124422562639342,0.05933567088036163
Do you think marriage is old-fashioned and should be done away with?,0.03350076082684299,-0.005702362126393978,-0.011190076870170318,-0.06000938008991527,0.09540377000724097,0.031241525233599167,0.023051929702911807,0.038296160931964945,-0.008534092701566482,-0.02367668076488573,-0.0479932860964376,-0.03859299744933503,0.08826921317174875,0.020529010214037097,-0.03565486983059767,0.026141561331000675,0.02809141148401729,0.07139290569338101,-0.031302081944936604,0.01593441446193355,0.044420338084852,0.06233008676116336,-0.08067447561342474,-0.015103117477812502,-0.03713836892732975,0.010017965498246675,-0.005000316663532881,-0.001988805175857832,0.03944578857260068,0.01784992683564409,-0.08093780958486527,-0.016674798638112113,-0.013130486384854466,-0.04456216714538781
Do you think people spend too much time safeguarding their future with savings and insurance?,0.09531320815815707,-0.12021353024784395,-0.11419963813785965,-0.0175722570039691,-0.009734785980688403,0.1919993060740909,-0.14388401473106274,-0.01042624155402382,-0.13686062459983572,0.1131032066475655,0.012027317292927484,-0.044848901616595174,-0.03678946996340964,0.008015590868641282,-0.1204875029456162,0.15914151587645248,0.1020557379293078,0.028732855311708678,-0.055628207852117716,0.1928907073606357,0.13343030857173654,0.10892902734305455,0.0437083030961982,0.0980506597494358,0.08326578161193456,0.08278660116389973,-0.1010159146949167,-0.18868478402627994,-0.07220205717736398,-0.0038098408535809374,0.08648777199963427,0.1172345778275041,0.005847412702854661,0.010710263319201807
Do you usually take the initiative in making new friends?,0.1269569147680016,-0.03296421072901709,0.0514483297672918,-0.06778656562588437,0.10005492280771187,-0.01877259523295789,0.13750522680032942,-0.10587213962889294,0.15143485127910863,-0.09310266679805158,0.06087318141522351,0.07092728791062275,-0.10064743488408365,-0.05629313845081002,-0.05364295173219172,-0.06404678574840235,0.016405287250259717,0.10516323750652304,-0.046249817067812754,-0.07115309301945046,-0.01583710760309752,-0.023544965814149423,0.019830164997420324,-0.07771911871066824,0.0022836251967795086,-0.01764385395873199,-0.025534351837374437,-0.08603711177618067,-0.14630068325618692,0.09832575423200567,-0.014597320992908445,0.04643146760948986,-0.09330039144115763,0.10660816867887404
Do you worry a lot about your looks?,0.0754753275776198,-0.03420310337587942,-0.07410576954059801,-0.07420745936069245,0.09401191021179266,0.08963376446314586,0.16578392752869953,2.460899107339953e-05,0.008669356493292832,0.005558168895209319,0.07497255904858392,0.030681872635293483,0.04755680856348809,-0.029602386727514512,-0.04192310264761208,-0.023462515854357355,0.009017234464619342,0.03913519179096457,0.04171513011332748,-0.02771410926248133,-0.0733082966864257,-0.07919814249053363,-0.017658202163102443,-0.03335920089563152,0.014567251368857429,-0.0051818143494382785,0.029824620397118983,-0.06275978492601474,-0.07068337257152052,-0.04969667599915859,-0.0070805685958829296,-0.03219450618275921,-0.022129093687512202,0.00341438184905678
Do you worry about awful things that might happen?,0.1447381018279943,0.011998275809373087,0.11334958946979456,0.04654544370092346,-0.032793444579611156,0.15060421216007952,0.011665885674915655,0.021866772635176435,-0.20191897773925274,-0.05336971688003558,-0.1586952681138199,-0.06826327501903418,-0.2196109425871706,-0.059136583339936225,0.11452945100209985,0.16720752025158497,0.0016197188000712306,0.08549709847363479,0.06649120222617962,-0.1060234930354057,0.10851994053618713,-0.08367811938038863,-0.22012676293851297,0.017868493186776652,-0.11245519200200196,0.006017425677718198,0.05103534080708609,0.19285552897790012,-0.08656219995623554,-0.02375205873138898,0.13720116671095228,-0.017460641418231067,-0.03385990306042052,-0.10754099943479398
Do you worry about your health?,0.10789729582715779,-0.09452137510904257,-0.01895404637310376,0.02542407195275336,-0.12930759780263937,0.003340975296617954,-0.12155847637296253,0.052822252388310655,-0.04595948413283323,0.009351641188075807,0.08980043509011627,-0.07346216007733682,-0.032663101157457304,-0.0774131166829736,0.10790132337266904,-0.033865742001282895,-0.019086428310358887,-0.09559276227117418,-0.02442242341437277,0.022566278141011364,0.01772874575456886,-0.13391402341343261,0.07248212469223554,0.004380195052580593,0.12560929966957418,0.12134126919430736,-0.18019299898395358,0.09888325539893311,-0.17358853619982548,0.10661145435977228,0.019036273117025652,0.07053283260537303,-0.016042686279911518,0.06420584216885936
Do you worry too long after an embarrassing experience?,0.1448117715939888,0.010619039029444685,0.13058569499159314,-0.0959117430341627,-0.025085535543295928,0.12277424081698857,0.11381722204480303,-0.04311877317170279,-0.023681510402060187,-0.06470924034971094,0.14861838007056782,0.0643596844384904,0.02082217840713467,-0.05128938479896969,0.04614881865734791,0.05185769936457431,-0.04603584246495753,0.02601808154368676,-0.050873435240457995,-0.050858319914049016,-0.08677583483976047,0.012952959684471212,-0.020297342068796936,-0.04884579038804174,0.0512396398440638,0.02356166167497254,0.029451910439562645,-0.009748457224761758,-0.1117333083129262,-0.05206332970945912,-0.16291460700264704,-0.04092428354351359,0.03785758428178136,0.023138793494239484
Does it worry you if you know there are mistakes in your work?,0.03325075295046777,0.12588780601202795,0.129055865360771,0.13969827750137606,0.07096293787990836,0.08914713899716174,0.19125326300910858,0.048441209501007214,-0.01298054953729504,-0.12553286341850348,-0.056344676149318984,0.046435912139890484,0.06343434444735307,0.02415007443226087,0.0007302505620952947,-0.26413457490977066,-0.04841999323496451,0.08384515709963769,-0.01334833644373645,0.12222051880435747,0.0764083747548094,-0.23620562312283894,0.14216841425957455,-0.14622789908568173,0.03489978027698697,-0.08165662157447906,0.17443582108168318,0.08377715057749699,-0.011272388871625494,0.3430137946577374,0.01919395711759039,0.10404931745071622,0.2761305733400438,-0.1625872584103564
Does your mood often go up and down?,0.14382853239358323,0.02651332334558337,0.16284043448752547,-0.07771203283954282,0.0069453093824123355,0.094926163815943,-0.02631813918352854,0.00332105070825898,-0.038537452654679914,-0.05899371200963337,0.07599635488863822,0.005142187574541585,-0.006575744720984104,0.008332976604353282,0.05927971064530179,0.05268300622116281,-0.04952809327053526,0.020870726570571044,0.014475368883901779,0.04581995860824501,-0.09075781189469603,0.029234372518806857,-0.030482471602536948,-0.031420870139453855,0.042100858104234466,-0.017632136217997738,0.010446901609603031,0.011036536019769384,-0.049896303021726894,-0.07105433348373785,-0.1547298342537673,-0.0621331415761371,0.059032586185899946,-0.04083816950370315
Have people said that you sometimes act too rashly?,0.05142184451081943,0.11035676794675223,-0.0441573035757852,0.014529402051829735,-0.11636881466330362,0.1568750632834841,-0.08541010045460175,-0.06465338925632308,-0.07143090166720549,-0.026897879978235725,0.15448343707348683,0.008259374584539165,0.08072300217168872,0.056830779639294914,-0.0621633813798078,-0.06105010065364164,-0.07022070804534215,0.1307625501269171,0.2647486994776477,0.09316499280673043,-0.18355462127278402,0.12149530833541256,0.21485690466696855,0.3040150547003719,0.16547017120249743,-0.1040779065147815,-0.21275895033539952,0.19783142382000066,0.050627547736732066,-0.10914337070004505,-0.048040242015796306,0.0228079286914784,0.09302011972312504,-0.00576673225862479
Have you ever been late for an appointment or work?,0.16191417414864803,-0.06693546722189023,-0.04683134510075224,0.014961423817397474,-0.12928903696591956,0.04209244214818524,-0.018215228669881234,-0.12544702523083334,0.038700968335423615,-0.16153573781501485,0.019227123895116764,0.024773145497237293,0.26369947841692304,-0.012158551078147277,0.008217475782179198,-0.029415358576740425,0.1353665957273319,0.030234850139459816,-0.02787075479759658,-0.13127038999197882,-0.11080545700136778,-0.12754191627081324,0.08041945368579057,-0.03494596680202288,0.0704878463173321,0.26717418894458056,0.05858492238539644,0.04458823542220099,0.08138162904796485,0.12560217078634375,-0.0033096892933010954,-0.0024405733090519495,-0.13784787479275046,-0.18384007007093117
Have you ever blamed someone for doing something you knew was really your fault?,0.15619091265043053,-0.030859881091039567,0.1597857572951037,-0.04465801925619645,-0.0674314649349021,0.16364260130679617,-0.050924674180250665,0.010060564500275038,0.0017821425790421925,0.11991255318516286,-0.05387488667319011,0.0056110498138965586,-0.022581277197335655,0.03386128915226935,-0.02806262718475759,0.007250420458056764,0.03738403868118539,-0.039545052832783964,-0.05944069800291021,0.046195187710282616,0.019716240435572012,0.03949072565833747,-0.055517058557260066,0.01581133534350644,0.12249784569409004,0.0011869462115266544,0.03252539221124051,0.050353396713992846,0.0469681616595789,0.024938249451043688,-0.20820031066747421,-0.018970732986187254,0.07151569045283918,0.08255235447080252
Have you ever broken or lost something belonging to someone else?,0.0859690841091454,0.09810303351410414,-0.05252344829358799,0.006611853413215554,-0.07508002786140512,0.24073803420547532,0.14064383560031254,0.10328713976860202,0.24203826550700525,0.025144262824972327,0.05471885924179085,0.04280004543457973,0.12556552358553677,0.0514182855547495,0.4085440714404369,0.08033566775058025,-0.043897710922865985,-0.1171777064312572,0.15240746853653397,0.04296890015266622,0.06741555424278235,0.22186794041721447,-0.15799203328829795,-0.013143936842603156,-0.08056147797046138,-0.1374770436517661,0.026067020227842328,-0.055601987543825074,0.12878047026418385,0.22318324841548295,0.08282401383469444,0.16882860765483573,-0.0433412545348981,-0.012813471247878613
Have you ever cheated at a game?,0.09637090707897719,-0.026947339706152894,0.06877742546740283,0.040448960664308614,-0.20692839242193922,0.2434257235625984,0.10888124484981486,-0.05733784202704902,0.057232255558164864,0.14711904177955556,0.014705484030622157,0.07097982584812462,-0.0638626411074149,0.042313355885243695,-0.04220684360381218,0.08330144125012486,-0.06770441626743355,-0.11872599573378731,-0.055451553029278726,-0.03159796966288737,0.03718825420149974,-0.02863307469096837,-0.025291766408421634,-0.06383308786340929,-0.006259891918422348,-0.1794287430134704,0.12127711165350781,0.13206933995658113,-0.1230209098596043,-0.2529675260566826,0.23742173792134497,-0.008085990060228702,-0.011490416594854242,-0.14779747599567927
Have you ever insisted on having your own way?,0.13305713771000993,-0.06016970780425213,0.13828996342578365,0.08808882281716046,-0.02470993141308279,-0.1852997336119493,-0.09486603074254162,-0.044284030676012824,0.004826969797903217,0.030857439277165843,0.031123034892103607,-0.09607096163848299,0.26155093587752065,-0.19846918436611646,-0.09155345231074849,0.1965241208976321,-0.1308492626658595,0.05417405961782904,0.3189660749429591,-0.04905534031179875,0.0725717035355578,-0.03823618146949417,-0.15678175131967595,-0.09309468360993954,0.14736344258797224,-0.21787472746292116,0.03478672036963781,-0.0723812169568149,0.054003904618491555,0.11497929660705954,-0.06756048667415694,-0.2158640171353321,-0.12821496205850189,0.14008575097879755
Have you ever said anything bad or nasty about anyone?,0.09201258202924555,0.20493223842779718,-0.0026672448242136305,0.030078885619989858,-0.013134446630595624,0.17461787888642688,0.028131745143537827,-0.060306490812485104,0.207932329305366,-0.16408871384821105,0.15411880845336148,-0.06964074277497576,-0.012519761549741446,-0.09664243433164629,-0.2489553984781872,-0.0453838215154024,0.15594577731063533,-0.12998763658358037,0.01043476637532382,-0.06259043530990513,0.19650700169444663,0.032371440931411234,0.05580597214871454,0.022543227629010974,0.1403461517898868,-0.10615443425852758,0.14669597104118529,-0.06387181558111109,0.21728317971200714,-0.03847222932027513,-0.11598673687517397,0.00927456398967391,0.09830034677120951,0.043022782591142644
Have you ever taken advantage of someone?,0.15089382232824228,-0.048718749950097076,0.11938870213779072,-0.03422656010902014,0.0033589794898820162,-0.005703047257451227,-0.04687749886176662,0.003294899657076844,0.20309390063364752,-0.013075185299225807,-0.07328998787335725,0.1203651043738643,-0.01298653990400954,0.022572106659835587,-0.0771207096017528,-0.01774875956052376,-0.022877218750586285,0.07055253591986209,0.06174427059738556,0.0052144359535295556,-0.1093926964745351,0.06816529881821158,-0.013037517426488171,-0.00496557644079814,-0.09301332357667612,0.08455028664381277,0.033529785542010346,0.03703537672047918,0.056228314401984204,-0.0002872697283116054,-0.12989345424954862,0.007366178408702607,-0.008298986930017497,0.030974354815381893
Have you ever taken anything (even a pin or button) that belonged to someone else?,0.12877388772506743,-0.07463543724809843,0.10087576048215117,0.01679765984762133,-0.18084356157485695,-0.029625673786083107,-0.1229002813722583,-0.05238938746320274,0.07872317513197512,-0.1108153640872088,0.08572985135543923,0.09038796856407451,-0.07412607077354197,0.05778825903955156,0.09456012382532075,-0.1017939789785759,-0.2000262695391467,-0.07190329771089471,0.00023366437588466602,0.22468270971199775,0.15863298385687566,-0.12011439000244234,-0.014029869740931369,0.1660472089156722,-0.16650061800923943,0.2039514177116319,0.15568264917456476,-0.00346215388486797,0.05371833577840351,0.03219163388528646,0.0360654534825152,-0.17930489533917718,-0.12266808488330223,0.20733760007437393
Have you ever taken the praise for something you knew someone else had really done?,0.0632743828399456,0.06306226536260383,-0.16254232378345318,0.058777813318564076,-0.04637016445523771,-0.019752398127370344,-0.17655947484479215,-0.24873791054064243,0.006209673863701491,-0.1237838868426101,0.12017896861004149,-0.06026537126958521,0.09926077544792146,0.08531976801913145,0.07779266365534385,-0.1865981130172755,-0.036073015693487635,-0.09289586859689432,0.20326908253698223,0.01776179129211502,0.1979220631036381,-0.24758130987461416,-0.07772012150598062,-0.1401217984156932,0.03141277297291072,0.0827680509539611,-0.07177228022940171,-0.0883630328954096,0.08928686648474694,-0.1422921716047907,0.06785927709061079,-0.04197663582453256,0.11329925758290452,0.04789121020067614
Have you ever wished that you were dead?,0.09532441175310831,-0.07092250095971396,-0.1462969102710224,-0.03981238166158387,0.061336623060121206,0.02717940661806042,0.146748521379116,-0.007129742197258288,-0.08696073559122086,-0.05689037606649318,0.06513106134253295,-0.0005434072225759072,0.008505699495056761,-0.04116505209697211,-0.016652120184460755,0.0270563645309083,-0.03676363133548725,-0.01224877622261753,0.020779309577809282,-0.04837317834816521,-0.012883697586230348,-0.02470680986660116,-0.029168924209731294,-0.02264427992457801,-0.04610237722631238,0.026594220354724668,0.059222234872198555,-0.02444807863921111,-0.0020995184394259087,-0.02103180839645849,-0.04539223454154261,-0.041345951112047405,0.015809518463922898,-0.014324986119244203
Have you often felt listless and tired for no reason?,0.12960269552909193,-0.12851060890527508,-0.014017759530828655,-0.06283793991113062,-0.03309556574864183,0.016499615348991296,-0.11734754664766014,0.11468585969581115,-0.07061500515390476,0.00822943829126779,0.12540638319237618,-0.15945916005646568,0.033024174678385185,0.056483762483927655,0.08620300989483658,-0.07563217894492318,0.08421269820309042,0.0038669772048447767,-0.06284527297865491,-0.13970878587197877,0.014956028480762534,-0.02623775489441782,-0.05313935038546487,0.04768388772518964,-0.02170027427713177,0.06407270580250779,-0.16619850994456442,0.05943973307942952,-0.08806033897643334,0.027542889397389723,0.016092249652841204,0.02476931853757323,0.01984051549559724,-0.008499390624970203
Have you often gone against your parents' wishes?,0.08198525890055634,-0.0691550636133408,0.012322592111023822,0.05522801611627903,-0.02159349228964686,-0.02089678210446799,-0.0550145082043292,-0.06739131769668325,0.22907031922963375,0.07741966391658639,-0.024455057035964414,0.10675949871335667,-0.08724500622981297,0.02393668584935121,-0.008917676562055693,-0.07837705123072441,-0.09725235072331834,0.05611236820962145,0.027290035596784133,0.07356243225193151,-0.03468415109216714,-0.024887627454207827,0.032216623294214264,-0.023061258588443222,-0.05146312764788527,-0.2152372619760845,-0.010862252020571698,-0.12540970817503108,-0.0184114890521837,-0.12193358796839508,0.12220501884957381,0.032676969212799445,0.03534571383074777,0.007890956275800326
"If you say you will do something, do you always keep your promise no matter how inconvenient it might be?",0.05535541534895639,-0.12508114110973836,-0.009199771665241921,0.26973711368062986,0.07926798730195257,-0.1221492313460523,0.20280528353718025,-0.111842709481146,0.10425313101947493,0.2799068445720231,-0.011766442364783358,0.0027270072204169066,-0.10119588163761192,-0.008548473894291154,0.12493098830651894,0.13533185326379626,-0.10902110075038773,-0.07326929729922305,-0.028616434535879795,0.0014415288121803554,0.1180867227870518,0.014225709049792699,0.2010326136401202,0.07046753078917707,0.050429239979970335,0.06362637937603524,0.03491185435969856,-0.10293788412802356,0.08689871104346245,-0.034746065389230155,-0.17927746875242606,-0.013376891225041185,0.000683631063431148,-0.2843101058526343
Is (or was) your mother a good woman?,0.1646896757911069,-0.0015130231904284643,-0.02449714773079756,0.03412216564799829,-0.06741060859430485,-0.027421022198015954,-0.05888051782441894,0.039836108812605,0.15832355589011277,-0.16906276400677417,-0.1716226422776982,0.14013578439268687,-0.049246641103282744,0.18897059235586874,0.010652921473630526,0.007962505468479085,0.027986845829879897,-0.06381501547001152,0.10025997564216313,-0.10818027690729838,0.04736360081568939,0.18874264813636088,-0.0484138617043621,-0.23297253126652143,-0.044810147466059845,0.12173421541897776,-0.09711791150891745,0.1692751825170691,-0.09902600467070959,-0.13217891380948799,0.11903977270784254,-0.09479894740482164,-0.01862256793239395,-0.08867634831978748
Is it better to follow society's rules than go your own way?,0.03940370714108398,0.16979261548668112,-0.11883957304024668,0.11650942717607447,0.11708169542450052,0.14451607471306363,-0.15014481229316148,-0.026173222110837037,0.22740519547590182,0.1802571045910171,-0.11757633546533663,-0.10801174142655572,-0.010802046480752458,0.044183354393401306,0.03372891090229194,0.036988950867367025,-0.1590064608542753,0.18636635117912323,-0.15085420574688801,-0.06494169829016104,0.15292842181681482,-0.2123100326160759,-0.015648908902111205,0.10874127635161857,0.12214924013995564,-0.1345995271923831,0.006971661566604296,-0.017994945628713434,-0.04836505532955175,0.04753794707140178,0.04703741613898079,-0.061196690526975364,-0.047714700962608575,0.028745293878903094
Should people always respect the law?,0.09449976240328428,-0.05505286729154366,0.01260872412500125,0.25889243620373537,0.13717055406611842,0.15755534493627987,0.005257568362689752,-0.1631901441548498,-0.13945479737233757,0.12852798884715352,-0.066765463347264,0.2473574710376388,0.16059998758280594,-0.059501769656332734,-0.01105513002475927,0.012492268614832155,-0.2039464102277115,0.043413016979169515,-0.12242680657112737,-0.17385674477840243,0.02208328406792009,0.06437582571872913,0.10331588285279115,0.035301480471701854,-0.19621255528005807,0.04289943866678297,-0.20300574062942342,0.027942905651466347,0.07105315215312116,0.051693548207259916,-0.0028620500650330077,0.07862783853709343,0.056540601363772924,0.1950813894088646
Were you ever greedy by helping yourself to more than your share of anything?,0.1372421456768879,-0.07973578540753767,0.05838763827753654,0.06017789768000366,-0.1247200776690304,-0.09939893033613575,-0.08896483471426199,-0.04215561246321979,0.11599790125070034,-0.0518470494960426,-0.03513819948297063,0.1277328219653299,-0.14030686214418955,-0.009519568923659127,-0.016194857308003786,0.006628559493741173,-0.09674949603471014,-0.05222433778710097,0.07211053200680394,-0.03137904759408793,-0.09338843545919176,0.06032654468098074,0.056126236140307616,0.020852462008067875,-0.11654458324451618,0.10630835584972903,0.06792771668062275,0.07733588818314063,0.08536637996147815,0.010527671038744484,-0.08726731061034305,0.014889532117526458,0.04277011160627207,0.05779715399246872
"When your temper rises, do you find it difficult to control?",0.09434117255270275,-0.05502821664357532,-0.11404217077509027,-0.021612671466963967,0.09336746798582946,-0.0006686703829851349,0.006613160150784502,0.03931008168270351,-0.10181667784384049,-0.05117484772641565,-0.007490963839396684,-0.059760904086524694,-0.018892223633062002,0.018457309306350825,-0.0035212281965068845,0.027881671387496778,-0.04025588214106498,-0.017396131195733192,0.08612811370216905,0.0483051001741288,-0.01686567464116585,-0.008425397032265428,-0.0393540537434713,-0.005219359675990126,-0.0552411589661417,-0.01459957753824556,0.040217226042238964,-0.0036630853946799775,0.05973748685177332,-0.04002281217073715,-0.03720746179266295,-0.06255480914467093,0.03698452036804143,-0.07830194911718674
Would being in debt worry you?,0.1301164498519645,-0.04288137179776057,0.036147521362919884,0.11556123779257207,-0.23661070402573398,0.07073078319380446,-0.02879314146258493,-0.19130267034716836,-0.027745026021019522,-0.006299832680026257,0.017386161720665795,0.04568913007753474,-0.10042292928475338,-0.30694395051463963,-0.15806284532131926,-0.1397579688935534,0.05431313896106636,0.08847147028339122,-0.05836645506217927,-0.03111744255635149,-0.11749199103901514,0.15721330413829146,-0.11887718698100486,0.23500533250611938,0.0646736580232157,0.050961509922780174,0.1414804130381307,-0.1399631455903981,-0.06858920052888752,0.13497822381182759,0.18633076793346756,0.10770776199933098,-0.10381522234362861,-0.16905268743856752
Would it upset you a lot to see a child or an animal suffer?,0.10106821891508617,0.023370545472717944,0.07332717959410398,0.011806941006644723,-0.1556558227389699,-0.013757697503417363,0.17338568470666754,0.15758467912326377,-0.1252039485408845,0.04817607463262133,0.060706348540417523,-0.1417090812788642,0.12720204460442397,0.13334846522632868,-0.18121500995630424,-0.2606888457514159,-0.0740258115987273,-0.2013627255168264,-0.004891556152625971,-0.015325891067189637,0.2820049631521159,0.08714585241170562,0.24625416978501735,0.15816354597367713,-0.21901374808934182,-0.20749148846522494,-0.030677511583137803,-0.07501685949391455,-0.13309338967256992,-0.0672373075862425,-0.07717576510888605,-0.10647043689429347,-0.02475789695419966,0.02945806861031649
Would you call yourself a nervous person?,0.10875055828270612,-0.12068152890593854,-0.16377893942909966,-0.034271272154170265,-0.009868609002217374,0.03170671366800187,0.10259287327379267,0.0508727365130668,-0.000379047465079635,0.043883281296523385,0.013252468939362386,0.042589675969459916,0.0774853653380456,-0.060181967500096634,-0.017289582574876488,0.006447720034493228,-0.038008241185629475,-0.017794104411625405,-0.02825223751092624,-0.0464091503036468,0.012932356292951194,-0.01264793402247067,-0.030505843851069758,-0.00414735211933794,-0.04892739047294669,0.045535746519914544,-0.009179148260050249,-0.0013227202738444912,0.013297042884164443,-0.013522177834798177,-0.023115105069223117,-0.021157711426800313,0.04043038094068664,0.009461223470463414
Would you call yourself happy-go-lucky?,0.10589906314292272,-0.0095256108843577,0.04653055584524341,-0.016553775307516238,0.04324952610712238,-0.24324279283505507,-0.0034386331874720296,-0.1415172221498883,-0.028893372814219772,-0.10412348953135557,-0.08188286896097588,-0.09252457105366026,0.0386745187957002,-0.0718910566153885,-0.04425220999064499,-0.028947171872527704,0.08560432583963144,0.20523382113747388,-0.06821636304429894,0.0383370311909014,0.16105807707072256,0.18920332260747658,0.13659608120181904,-0.12969533718556894,-0.1090127481857788,-0.028677643360618506,0.0668033700427659,0.15226261492608062,0.12820306149000352,0.06785787383051431,0.08740290625184499,0.04032173319414052,-0.058192622264406246,0.004167291845962479
Would you call yourself tense or 'highly-strung'?,0.09965683294134667,-0.10481934547333052,-0.1196663050763406,0.008120598613286022,0.006540782510775186,0.005767801173236193,-0.02124740737011391,0.1385130954664235,-0.00380936777166752,0.018668748294795534,-0.049195511629802104,-0.07512643609612318,0.07643193686722793,-0.09794425228720066,-0.036891102375074744,-0.0520494938066218,-0.023786825299897174,-0.10311688459458962,0.11161297077796357,0.10047245992360848,-0.04828128284433095,0.14028390330310533,-0.15929187620854224,-0.02696295588744979,-0.060366193849649634,-0.08182618243106886,0.02146513525302396,-0.19410025915361387,0.05857598643101359,0.1651788717580524,0.09302302704622525,0.019762596409634136,0.09707943062667426,-0.02084888248628907
Would you dodge paying taxes if you were sure you could never be found out?,0.11210663688967308,-0.14961953828166297,-0.1534570907951575,0.024423726841541912,0.014613971495214192,0.00971216772112025,0.0800483070172742,-0.04101536004730576,0.11278765995584318,-0.034539234322838425,0.008200516854258235,0.03257579996987584,0.06770347322754543,-0.02309703389965281,-0.08007042056052113,-0.02677797532363707,-0.04043664748451342,0.06920935549222437,0.0011476530025861294,-0.03873950345208003,0.025419340206872167,-0.028346162588692093,-0.035991315711614125,-0.016556582189819608,-0.11360078273773334,0.09047075849081924,0.022374135362607597,-0.006288813870718619,-0.015150280656489167,0.015781776011322902,-0.04212443064840218,0.0949692936120511,-0.07258085565539708,0.028558326610565007
Would you feel very sorry for an animal caught in a trap?,0.0820954752488406,0.019544755158011795,0.1092080049474505,0.2630448660319899,0.02398184207362363,-0.004020794857638424,0.24739678965820217,0.09059455090240746,-0.09617787285334697,-0.15337639350622204,0.0650036870864307,-0.02744398667960898,-0.057361154940000124,0.21730565984149192,0.07068296850605124,-0.04353894016052501,0.1853090907402528,0.03734049377295792,0.023096673463966898,-0.046602536547138675,0.05150747897524476,0.031899174205542016,-0.2022779734176237,0.06276111488741375,-0.06811081584552642,-0.08620484294295276,-0.19258044785852815,-0.036085040299094595,-0.042051331810397025,0.02402574265219762,0.015026868778329091,-0.05468970110425586,-0.02228210565982292,0.1359867080733315
Would you like other people to be afraid of you?,0.07449208837721422,-0.01830881905974074,-0.041851030044665755,-0.05600774916607254,0.12604275513750088,0.06178568746210035,0.02564856630036807,0.046464432871035216,-0.006186585759326854,0.011273697235286876,0.002350533866654291,-0.02853562422865531,0.020158885435369277,0.03001997467580846,-0.0287922106596582,-0.022637208997768898,0.005524983659041604,0.0339878368178489,0.10706393423768724,0.06896416925981268,-0.07729027374136126,-0.06291672965619793,-0.027843331696842454,-0.01593428064704365,0.005428469629028112,-0.0463756122424085,0.010819611567159354,-0.041974791681483624,-0.008846367280321267,-0.06868767977343733,0.0011042041529967708,-0.05340336421538281,-0.0009540917833936347,-0.06056258114888576
Would you take drugs which may have strange or dangerous effects?,0.10768679200995565,-0.12829570539633692,-0.14935158746344426,-0.006758368078237494,-0.013040151257193253,0.09589584410891354,0.12214198638239386,-0.0003902284052422773,-0.04664114035749868,0.12201588912830302,-0.06474018021929537,-7.454498322091034e-05,-0.007499832981294757,-0.015636739549056027,-0.1039944580145201,-0.018376221232197773,0.05014850061623338,-0.07266455562597257,-0.05313675730900274,-0.04799794924612766,0.0975903547440377,-0.014450456727070581,-0.05420351116445442,0.02458792555838222,0.03429461036354318,0.04541330278424906,0.08130072547383607,0.014868782055012304,0.09476494624187974,0.07496077453832309,-0.09886271095524948,0.0018164574779024581,0.02829262273086211,0.10906553785526149
