,PC1,PC2,PC3,PC4,PC5,PC6,PC7,PC8,PC9,PC10,PC11,PC12,PC13,PC14,PC15,PC16,PC17,PC18,PC19,PC20,PC21,PC22,PC23,PC24,PC25,PC26,PC27,PC28,PC29,PC30
Even in an emergency I wouldn't feel like panicking.,-0.16102616022786684,0.13409490606291133,0.05102575930553516,0.16904951881583183,-0.008326568334332072,0.036898006059033046,-0.13963648849256713,-0.08112490174209033,-0.017345464595136133,0.2686147168729444,-0.06903200561741475,0.004139012918507595,0.07585257086263851,-0.005195552987201803,-0.1256947248690408,0.03326164124594845,0.20959807821908297,0.022188703169204994,-0.0915857968407944,-0.08545605583373136,0.11130859511312037,0.06304710948349548,-0.08154847515676535,-0.1874781054276558,0.07758911979312187,0.18544490537037975,0.09089586009528478,-0.15061428220388534,0.046533028598487014,-0.09764819462771426
"Even when people make a lot of mistakes, I rarely say anything negative.",0.0022429563735682344,0.05570608010168002,0.07826248085327567,0.17249378347323305,0.06648841774780677,-0.08697635692953805,0.21050489130519273,0.052813077920527,0.16723785712591963,0.0033100888880028202,0.027050160219902232,-0.11215783308461141,0.15244461587153627,0.038657362406202815,-0.0046302897015954685,0.18349220068366198,0.015597046126179572,-0.07433482995660294,-0.06300550942066906,-0.06981180434076928,0.06712360328272979,-0.07838728594719778,-0.17372873942616696,-0.12387017411120604,-0.08083535087525019,0.16447948388845302,-0.035820504374930354,-0.01769395318539854,-0.1830372071629138,0.1082972872660184
Having a lot of money is not especially important to me.,-0.1069619301006166,0.12783002808615604,-0.09661505532780129,0.05621721964949628,0.0014051841722569213,0.12035814650999614,0.02211968144213134,-0.06821189061595222,-0.12234637602382412,-0.07960625653246839,-0.014665369415560589,0.05170122148617188,-0.11515946484306781,-0.02279200268778371,0.07053998468903815,-0.1012788491867462,0.10687766675219926,-0.09437058550519983,-0.013770518292013763,0.020814448339378122,-0.15492428186165846,-0.002726777437037457,-0.07102887515729855,0.06487310490764135,0.009912371405805153,0.08213849068743853,0.1427521433195565,-0.16718549631984125,0.06041870864635944,0.09773039188357369
"I always try to be accurate in my work, even at the expense of time.",-0.052809549747678354,-0.019295968485418386,-0.016271004604013116,0.06293982813824103,-0.0127948793812429,0.051996552098130706,0.04207861932953833,0.0497908647115678,-0.01721679283685863,0.09575864126784235,-0.06661276156052878,0.0843471599481133,0.0745623450747538,-0.020979471934419083,-0.08025607757462302,0.07307587313629323,0.10429458531393732,0.0065209369975898785,0.12589320770156828,-0.048882341376326695,0.18188025914302977,0.12167811456884492,0.15734417500722553,-0.1277680359880025,0.07846881006659491,-0.00979149448333793,0.052770801580194045,-0.07639069917265079,-0.11286521648595284,0.017503653144547417
I am an ordinary person who is no better than others.,0.04382247957843552,-0.03344546993409472,0.15693421332095286,0.14793138258405295,0.00043958799574484516,-0.036690159080722644,0.10613607842002835,0.02139627203249898,0.0524332760833895,0.06170335743745446,0.0917908022438629,-0.01651972233421231,-0.14216288292359677,0.07077869385810012,-0.07672728243804916,0.2880306950912084,0.008923192596164637,0.0687208986161698,0.10426559329068498,-0.22691981790762367,-0.10611247851262415,0.2591519215693846,0.04556914861304671,0.09933505583363289,0.17836430825099758,0.06275684948953238,-0.06685269000525058,-0.08836227152946882,-0.01604338970545768,-0.021485968013858717
I am energetic nearly all the time.,-0.016618937539314354,-0.017148898678786103,-0.21349964713024813,0.12020990582886212,0.06603094403754539,-0.1498407758128759,-0.017121635574769156,-0.1575001018441935,0.09221024551764184,0.10622241498035942,0.00020492238827832558,-0.06488882259676941,0.11823675788730638,-0.11416829340291641,-0.03200162010799959,-0.25733452959878456,-0.10899907330636795,0.17103473288691606,-0.009332036056790958,-0.12149027914450719,-0.019752534026883973,0.17442739379998598,0.04384128705044264,-0.026909813345928728,-0.043649593785745615,0.01483033856512473,-0.1578936892942892,-0.009343241365385477,0.0617175606492601,0.13872429046858828
I am usually quite flexible in my opinions when people disagree with me.,-0.024126651897361448,0.0028183651477491196,-0.008987694545785319,-0.009553128491681894,0.06849946349611903,-0.0960586368044766,0.004352165616075623,-0.021157922558126947,-0.09010931613356156,-0.06042026597974601,0.1003809836790734,0.0171352243748698,-0.08653050987068195,0.04723982624851642,0.12375914979787928,-0.03532351732157895,0.15238842430087832,-0.08162504359749098,-0.07076226884775377,-0.013491470502514284,0.055154963608800595,-0.07870052114611968,-0.19769996307560112,0.042892780498817,0.029351366789943694,-0.10293658393511666,-0.011841083191954059,0.08003668672538607,0.19141792247901776,0.04829805485263244
"I avoid making ""small talk"" with people.",0.08079388843258765,0.06309321829895648,0.18798165110608323,0.04759380473046311,0.032748671750908134,0.1355157786046679,-0.14916056928097002,0.05194116191255705,0.06847650604100314,-0.054630588004700505,-0.04533468926222401,0.06299871460975234,0.09627606779319792,0.03789789768127843,-0.02247746355037253,0.04353943269856239,0.14711582789012342,0.053756757397753076,-0.013200121255222384,-0.07150411341638904,-0.003693974561579096,-0.014495394044235025,-0.037585838620561016,-0.005575329781133247,-0.004335454924232336,0.13837377540091597,0.0678018891339116,0.12358542918435192,0.01740660522985478,0.0018329246934463666
I can handle difficult situations without needing emotional support from anyone else.,-0.12670556173142605,0.20140513650145173,-0.07344400424330304,0.2753866502198592,0.19632322030132524,0.21345412550173162,-0.007718133348147747,0.008097822261905523,-0.09439887527653362,0.0853712671933567,0.012620638198175294,0.10494354954629632,-0.09666523882811309,-0.001093526068202852,-0.11677259748174948,-0.11765259800671587,-0.1517199946435129,-0.005800202512338664,0.04639691974256291,0.09069561023896176,0.04224470534025725,0.002807973635281923,-0.04788431798467151,0.12480303688292436,0.045744563262500364,-0.10476670806300982,-0.17446444692917393,0.0020329347793987995,0.059007932745460005,0.12501319363399868
I clean my office or home quite frequently.,0.11930386001080531,-0.1491589424699952,0.14551718952090362,0.09521807596581995,0.10591998250722581,0.08059832656208128,0.04773019614331444,0.032725573370010905,0.02032361600731763,0.04401242599412682,-0.11674357722295213,-0.13479650181460487,0.04547469389976149,0.02641965793813761,-0.06425465947611117,0.173565083381043,-0.10816854780269179,-0.02926968449872188,-0.019266676293839054,0.07127053413579287,-0.1898011051141611,-6.125422030376181e-06,-0.16094227750819676,-0.11081683778404561,-0.21286602185582215,0.0006227908584806134,-0.011161521928918722,0.12533337241622067,-0.08061568780384037,-0.10530256536939889
I do only the minimum amount of work needed to get by.,0.11012371156213323,0.11864543048235214,-0.09809630621990328,-0.016945092935591172,-0.013828935373992617,0.05920710956675824,0.01621446756455042,-0.09286985329667176,-0.07264741385988535,0.05166578056698287,-0.010318403546467217,-0.13233176689768889,-0.027264039148036212,-0.04148386316038033,0.03823668081005657,0.09787716420519282,-0.04655587099357374,-0.13957550401090268,-0.16716690013445648,-0.10398261709395075,0.1485376295403464,0.12918251115964693,0.09692014423015817,0.042608437704757064,-0.07701848974788907,0.0555463692274229,0.08143339341240109,0.01985806474218545,0.0006165834314111901,0.15306314773776802
I don't think of myself as the artistic or creative type.,0.07019094386480228,0.18572601649046536,0.1888735236545134,-0.06383477018059583,-0.1302981345831048,0.2632809789951946,0.049505551217425184,0.060495796255523746,-0.07876404256867577,0.05829592534229102,0.18199160080506005,-0.006617915895549846,0.22222538820155371,0.06957119641173788,-0.12387186712998538,-0.032588149968193904,-0.057738152958571466,-0.05863716680046271,0.11566918116635835,-0.17244560645454055,-0.12688165188875924,-0.0795267031885924,0.026379216456918823,-0.07025747593683075,-0.005237661167193301,-0.08113146699384377,0.05872665912546193,-0.05925442685988052,0.19983948161616968,-0.020620071333423272
I don’t allow my impulses to govern my behavior.,-0.07411462012093943,0.048689983530558485,-0.026825453627151417,0.0027566543490188606,-0.0042343280483063865,0.018940335002763015,0.014018935625849844,0.010844475319201958,-0.04724943979154991,0.09394130014628707,-0.05175574994591824,0.0024973579190604037,0.08961649183324483,-0.015121568592546585,0.1082209359194217,0.11470624945413453,0.06846070538727755,-0.07162914764188669,-0.02447172022469981,0.1395964835429822,-0.06602086897091859,-0.0734606096607944,-0.023176120301855476,-0.009875183383977228,0.0800870305275495,0.013399390363704427,0.09263332035066787,0.03485405531480104,-0.03876421630127348,0.17304366078111208
I don’t mind doing jobs that involve dangerous work.,-0.023312744246940558,-0.020253026237957782,-0.08875792391763676,-0.24703303327883094,-0.0007663257864575252,0.005852102839855632,0.2076512612252447,-0.12487123505391406,0.16096974390986094,0.21989430245775554,-0.007099736450406546,0.027878066519719844,-0.060566093358212385,-0.1528434331603153,0.007459432004508505,-0.0101018993525908,-0.059187056565641286,0.021883203579132003,0.01509134799172928,-0.13802738576734402,0.00657869731643168,-0.1792700289058689,-0.07489298070002987,-0.03718243535191245,-0.008589311456198971,-0.1102318025206477,0.009205833248423214,-0.17224307249968485,0.0638937844709747,-0.07618269686635616
I enjoy having lots of people around to talk with.,0.05482296390462737,-0.11253124616823311,-0.12522131546704882,-0.03420562283393812,0.004104088398497467,-0.01844174779333053,0.0497649304912635,0.08595320949781904,0.012809758874412954,0.06024422739607479,0.0861162189163784,0.1388286380083341,0.05986896575301901,-0.125037551121581,0.04434900635197622,0.05998639861379452,0.14414840734654294,0.03872859633417034,-0.07121612426656598,0.21239903127271575,-0.013151882476154588,0.05157658127114037,-0.12933685226109012,-0.12213610262489674,-0.10492614471780612,0.012175690175856175,-0.18288586405234453,-0.17965585265958398,-0.07020973309190662,0.1071248895342871
I enjoy looking at maps of different places.,0.02219789901212222,-0.041937094184986624,-0.04939203490889649,-0.03612722994434218,0.16644191719137943,-0.003687978664369926,-0.07832748238262086,0.007500945344093027,-0.11189238541598295,0.07078802004661958,0.013590380132914942,0.15432225004617225,-0.05835030199910094,0.04289698669883712,0.044164448286880514,-0.023978013387966214,0.052957681372886214,0.0792626033700589,0.11353295610734483,0.09932617628321146,-0.037100971821187156,-0.006689543792518389,0.019303619065967944,-0.10497752187141463,0.13826116281218015,-0.03664153868478502,0.00999059991988608,0.04090490557759459,0.002200501960908753,0.018550575795263237
I feel like crying when I see other people crying.,0.17761020747021997,-0.14827850917967836,0.03191746145561379,0.16750699994929233,-0.09365563770875963,0.027352098251315203,0.08755017007202111,0.029115861946737303,0.12011907015114705,0.20991331538207908,0.21074354735925466,-0.02178183133698435,-0.1051932417343911,-0.10178450533518085,0.044464925414786874,-0.1000850394980098,0.01739658775211096,-0.12478542231866978,0.11851817488310125,0.008490185397859274,-0.03576988225510535,0.047415054365182965,0.14311257953503265,-0.1207451330782155,0.06104895069421124,-0.21287180799655897,0.20190585657301344,0.03749176473950931,-0.02864732474425411,0.00026693758522392447
I feel reasonably satisfied with myself overall.,0.03566484330612273,-0.0848055403901138,-0.04895826975929233,-0.013334346806636817,0.09266661822104423,-0.07067185661495805,-0.02391252443632163,0.006565009510897126,-0.11975008605342254,0.03909286433009545,0.09163744403874033,0.11210773000735724,0.055662629626710244,-0.025161614758089205,0.0817024156318807,-0.003918887988592756,0.05100403628936842,-0.005308774552497497,-0.12061656873570333,-0.023841373995729793,-0.13713411505293502,-0.0641067808890942,0.0655170259994267,0.01803100303484203,0.06245903874860939,0.017610152892093132,-0.12256952389487934,-0.03295569517544098,0.06023724669091848,-0.07622430417916402
I feel strong emotions when someone close to me is going away for a long time.,0.24563106343919192,-0.12260471642102441,0.05415951463116419,0.10665924316272114,-0.04157596175360969,-0.014581834246919837,-0.0027117761889150944,0.13744308899394467,-0.15767765045328574,0.0899790806767787,4.702939939591575e-05,-0.04944410937197147,0.07371335651197765,0.10440542414485376,0.02535558141628833,-0.05900776851271599,-0.049182491958692544,-0.017916518117415126,-0.14621887372980913,0.033096942773968324,-0.010730504438684096,0.02648950858668827,-0.08564886356431484,-0.0269128689939434,-0.01935266485456181,-0.02048614132601377,-0.1350204677383162,0.08404521350901567,0.03707310486118233,0.11146627800212999
I feel that I am an unpopular person.,0.05290335665232174,0.17206255004491428,-0.0347134591239921,0.166472417531435,0.0244928641202919,-0.06585274176131088,0.06379921731732087,-0.05475962565587827,0.09061976544070732,-0.08971783064418484,-0.14793028521630225,-0.2572746660456381,0.014712880706301903,0.18234956432876534,-0.05972409196656671,0.1398471564114656,0.02617397290916901,-0.11597810547013483,0.10525113792650122,0.09543144487159237,-0.05843283275389593,-0.10934741560173285,0.11615231616702339,-0.10759183501595374,0.047920609225021844,0.06788101919521206,-0.053731944863297035,-0.020124663532766502,0.17277093360289078,-0.13255607985315465
I find it boring to discuss philosophy.,0.13091518516811215,0.11442745994744714,0.0002664244194464704,0.13920396655171294,0.03278359601138494,0.09435258390192193,-0.15802947471767348,0.077446360401341,-0.004189298615251039,0.011701307050523189,0.11222042664092935,0.20056124691762606,-0.21505819288633563,-0.06685475464414739,0.09510536229081054,-0.10359462105953526,-0.03688723602114008,-0.03796677480554377,0.09709600006416332,0.03829305551782316,-0.08072460938310719,-0.19515251716185214,-0.026138130170469783,-0.19516816485447477,-0.08289068897862942,0.21530176812307653,-0.12595630871978372,-0.14294122299055426,0.011949184177740671,-0.004592772370623754
I find it hard to compromise with people when I really think I’m right.,0.07399711201519708,0.04886311940991841,0.11098925295821845,-0.1318060069812623,0.2903055216543594,-0.03871711879650768,-0.0006307430050343743,0.12779878318853471,-0.15307267408878925,-0.01710900082814107,-0.06996222792112,0.008537714524973518,0.04222144302409007,-0.08802521294546975,-0.0052581225498720624,-0.0022069056977080466,0.06585212043477821,0.09355299819841957,-0.22715603534237108,-0.08542390871063744,-0.03299928064431368,-0.015615648326942209,0.16264790871963977,-0.03092226657982796,-0.10323550561290068,0.11446697022012756,0.20644784190577076,-0.2022980874693922,0.1429511818965869,0.0674085696510918
I find it hard to fully forgive someone who has done something mean to me.,0.09459651299538463,0.08917658025176693,0.2462907082318346,-0.06788458805204832,0.07212769869585989,0.03097807412114249,0.14630820763707011,-0.030790813515813076,-0.1036849790215388,-0.1394469836848381,-0.18592693793438378,0.010062837137210814,-0.10175364833908346,-0.1349772479798077,0.05182607887572058,-0.0035224400742414033,0.07370408375106531,-0.1792812197591119,0.04002330848893343,0.049987678194047556,0.09569682720954373,0.04049896698511507,-0.03997222329342033,0.03385950723486457,-0.12349497680147438,-0.0874574807619984,-0.03201462125212605,-0.08035675904339838,-0.17736996909331418,0.01057373005267417
I find it hard to keep my temper when people insult me.,0.20072298296901006,0.14046652515159805,0.013075181321512086,0.011137161364710319,0.05405843121328439,-0.029106637766583413,0.031080672193467707,-0.2900438872175773,-0.09848699149422757,0.027203506574757577,-0.05725440725144569,0.2596745249998329,-0.0092849727266841,0.16921267416075458,-0.008933451672248419,-0.022042680827251034,0.0755083711170471,0.006121763020191439,-0.1538534904109635,-0.06296632297098724,-0.08980792203388976,-0.025452327754314528,-0.05793829402844671,0.017926664210787365,-0.17405620279138606,-0.1682139171938394,0.02530134073528309,-0.030815190196811344,-0.10929960241926683,-0.13307241612596002
I generally accept people’s faults without complaining about them.,-0.02546470793388902,0.0299968053965711,-0.035738595118436606,0.15634102375999404,0.007946113948852758,-0.0007506989217320515,-0.07017672075502646,-0.05285310074312642,-0.09134527547455805,-0.07147664379720065,0.04337004760857306,0.03997453754453769,0.016400422993389684,-0.07676137001602204,0.06342095543627754,0.12316455506362695,-0.020824060161231443,-0.00939108853741354,0.09749098959151416,-0.14720579934537056,-0.14470349186568285,-0.11259484083283787,-0.014986517465599793,-0.11808181205909091,-0.00010644563212657495,-0.12001055551947813,-0.034334251241207814,0.10961202756312095,-0.02856041008486416,0.11284502964744998
I get very anxious when waiting to hear about an important decision.,0.20258101997004294,-0.08313556501288963,-0.03780007531201755,0.16173892914541507,0.0043948113978533555,-0.1348382841852856,0.07036051486093092,0.20044003577238537,0.09236145368330059,0.06840750849059535,0.21726400997972162,-0.038371728822582,-0.06231281078913233,-0.013962413661625518,-0.2565981674549376,-0.007476454339287039,0.02477251406015317,0.07866244216600476,-0.023648663711069565,0.12145632132688326,0.0710747658828278,-0.03490891320832031,-0.06145121416069103,0.2610888641691764,-0.09797570856831063,-0.012961626572860102,0.16083338704791103,-0.13424825630976586,0.08511777981093796,0.0013601242907008962
I have sympathy for people who are less fortunate than I am.,-0.0101354598837969,-0.09358889373295348,-0.04381426554844152,-0.06041832617891692,0.06050463014222435,0.001026706738135254,-0.12444616176142004,0.07805405674368217,-0.06925519754930046,-0.1736717478552131,0.08128441386055306,-0.031142963774563062,-0.005813827879613334,0.12026765252348068,0.1466119482351245,0.16537442332033597,-0.07152007538607384,0.16695504743848955,0.011926880326372838,-0.10717268853987172,0.09887546681404275,0.02017617187595724,0.0185230695526575,0.07830438351181807,-0.01871781925955785,-0.10580359749999232,0.03154449258001869,-0.11785754702473987,0.048520729373791774,-0.057967604581560535
I like people who have unconventional views.,-0.03173829902753245,-0.08283549879100875,0.016014399324594093,0.0363433293843704,0.1020906974754648,-0.08637668428857205,-0.022383315888196666,-0.009314809886519532,0.11952051830068224,-0.02610466052118634,-0.031000372675999158,0.1074351864768143,0.18827241570322598,-0.06425480681667411,0.015899190312820572,0.016104706872210762,-0.03685772752167372,-0.08432922171314981,-0.10568852573623051,-0.02826339673699703,0.0952950857022531,-0.046382250448182255,0.08910093114516848,0.14005983434357275,-0.09140018220103899,0.03420253694356497,-0.001901998643939253,0.041129963460948736,-0.07061449486252513,0.039494459483081834
I make a lot of mistakes because I don't think before I act.,0.1260543775768417,0.05418386893591803,-0.07271986788875173,-0.08809899040825431,-0.015158552468208998,0.10871732218241624,-0.01495192832814091,-0.06878390794777492,0.04248814890126995,0.030038602121037518,-0.021987928152222603,-0.10393545190897015,0.03835768621620087,-0.020956288604514952,0.09952083584782048,0.15998791892025713,0.06873692268362903,-0.1015950290892674,-0.06258987724222087,0.029505661878514403,0.025489409363183283,-0.16629077123350217,0.04965972302911583,0.043603579948675454,0.0316459226800093,-0.1858719216200577,0.04451913488083308,-0.05647837516237859,0.02834089300938597,-0.10108231264961491
I make decisions based on the feeling of the moment rather than on careful thought.,0.16847992374354193,0.06607249100376598,-0.1544170483243197,0.025601695489738265,-0.11135756897493054,0.17109112742468685,-0.009632982546131577,-0.03343034632469859,-0.007962149010367656,-0.08807034560244772,-0.056213343666892755,-0.011702555580376615,0.21943432975187432,-0.09914651427243529,-0.11242425828238527,0.012268109526648495,0.08897098635551191,0.015578385589517857,-0.01961219920044447,-0.013633650387899784,-0.13197484310123722,0.027859948154669648,-0.034421406733362324,-0.02775997933292711,-0.1204883483173214,-0.09882894247640121,-0.083966633254775,0.1439887267135278,0.0828332122130642,0.01830983779229305
I often check my work over repeatedly to find any mistakes.,0.010233392567221472,0.0565254341527087,-0.03095196667977426,-0.01935461592163661,0.08226900786709859,0.0727887410362944,0.025035886034296396,0.012709422610224253,-0.08133399385365715,0.031153646165518918,0.10275076131582653,-0.04743578062383208,0.029853025697259082,-0.044202865443584274,-0.023786359849588014,0.2296295772958516,0.006349816231464507,0.1558464213493172,0.06256919396700762,-0.13620186770119097,0.04377000092228997,-0.17141588172776706,-0.11881735582192482,0.068472732918596,0.09054585365115339,0.15431079416564383,-0.04188578655382729,0.05308215393617495,-0.06885782448128083,0.07653521230963532
I often push myself very hard when trying to achieve a goal.,-0.024100288116285198,0.0014404028377879125,-0.0840904286612447,-0.011321461314460421,0.0013984258384539922,-0.08063867492205894,-0.031759720867244,0.16467219193698654,-0.0574479322760117,-0.04134303038741087,-0.009132367463381114,0.07004594860397863,0.07563343670350553,-0.013905471882193102,-0.1348900283759887,0.0501613067338102,-0.0545697673379677,-0.10270617134679204,0.08340248501167197,-0.028139576235052765,0.05070905096035967,-0.13102201078889128,-0.06597017478600083,0.05455453053650268,0.05554461537296359,-0.00938304218269103,-0.039682451251900716,-0.14096963121234554,-0.22026355517719157,0.042396879339042765
"I plan ahead and organize things, to avoid scrambling at the last minute.",-0.04282195729704862,-0.023131877157663693,-0.051348131184294474,-0.027540298132465155,-0.015104409505157885,0.015508824619802264,0.12367221771966484,0.024659142016142166,-0.027579946725321096,0.14498715622909467,-0.04628410859318205,0.09468151733382396,0.1315196597345082,0.03606161916236142,-0.056800984571066644,0.1491917553549433,0.053501252622101106,-0.10871748491296244,0.15483034631516562,0.08139128908818091,0.030043939425579227,0.013700460996137418,-0.05454213574407584,-0.16856268831896404,0.14698218089736612,0.008613218808688232,0.1005540575100229,-0.06792267087250337,0.16813824589450768,-0.07856389581779542
I prefer jobs that involve active social interaction to those that involve working alone.,0.05426929265566694,0.0018620262788867433,-0.16685959315371,-0.012082812843367905,0.15470857191209525,-0.019068212120210037,-0.03551911828187428,-0.006209563105050001,-0.09068258884419178,-0.0938855695668502,0.05671386941483033,0.03068059097334007,0.03337925509134916,-0.010272179140606194,-0.12611115408857132,-0.13764953427695584,0.007992735922117479,-0.0548060615175927,-0.03070852401433985,-0.0016615039066523083,-0.03789676313891406,0.006564614190009523,0.06909294573955743,-0.14281494721492757,-0.10538708364597515,0.19825115802535476,0.22203828454538413,-0.012629992948825478,-0.0585704984807031,0.1266305537227155
"I prefer to do whatever comes to mind, rather than stick to a plan.",0.09179153122358713,0.16566098598776338,0.022954950854374503,-0.022334730621467618,0.0802915386621569,-0.13070192152687182,-0.06967857113272913,-0.07363650668370206,-0.1420684085718913,0.15912850534232476,0.149375586927177,0.08517089230457539,0.19013497798970536,0.08547753826471398,-0.01517210952328984,-0.10797906268091705,0.10890455541693786,-0.12311304303669604,-0.0014045027159217964,0.022029012755797044,0.14468697372689668,0.04217104865796152,-0.07366589435777732,-0.0017431011227670267,-0.059590000743924294,-0.04713337897520824,-0.10539395970654969,-0.06359543615817903,-0.03510027164163307,-0.18740209977893263
I rarely discuss my problems with other people.,-0.08713217285931331,0.16991803838932487,0.06725214361599316,0.03793405984114269,0.17425722928275217,0.13817766178337149,-0.14334569844805287,0.04586822073177978,0.09447397333827777,-0.08439494705138431,0.13324726547559684,-0.10669256012900712,-0.019818853331337587,-0.08439500797321678,-0.02439828820401533,-0.11917364454949354,0.17823763397777898,0.13434453268395383,-0.06126256764844512,-0.07240899772920585,-0.039285756589498164,0.031140346819571358,0.050982981156801346,-0.010916529448186621,0.09339466601852536,-0.10006120335509047,0.015131647868624587,0.15687920622589951,0.04757498769896278,-0.03458926221685952
I rarely express my opinions in group meetings.,0.036417203601065436,0.13243145809081738,0.13051506740186994,0.0895664681248984,-0.05666256419761089,-0.0017525201402445087,0.1586389530334264,0.045087721825440075,-0.02230925285223997,0.015236399908016323,-0.09288924479186167,0.07840046827309341,0.021446310687817934,-0.0993318230026336,-0.05772909870747957,0.0717648189703134,-0.1122026151521054,0.10055262087541303,-0.06103533931001188,0.08573696650134634,0.33392247341073256,-0.036183929125405134,-0.045166749950257636,0.07464971671676902,-0.01707814657831048,0.07279099199485141,-0.1286593212143727,0.002006624305421905,0.07104065264067749,-0.039499045298601335
"I rarely feel anger, even when people treat me quite badly.",-0.15621338613508684,0.06559498028070265,-0.2107642907244049,0.017599789726163786,0.14375987548262992,0.15450608335355168,0.22406401418618482,0.10948799462609574,0.1590051712837275,0.052858242118125544,0.09231306670941827,0.1075411820353966,-0.1481809614680021,0.07138613912154627,-0.1776443324332725,0.0876819798969176,-0.08744476954679932,0.14653159354267378,-0.16449271906570442,0.02580883713632407,0.05399908902890999,-0.0033833934093212407,0.05204773745059113,-0.23273254964333548,-0.2285204786369286,-0.0313228748198372,0.006665474058400958,0.04758714813796475,-0.11627933156062138,-0.05027874589567589
"I rarely hold a grudge, even against people who have badly wronged me.",-0.07435667011884986,0.0019181800525981676,-0.0610789741105801,-0.03827418760742956,0.06984207353199116,0.11236371809208065,0.04969483797453902,-0.05987084463808388,-0.03947013133758942,0.02200762392454109,0.09593981427246455,-0.08262556081382512,-0.17909624716075115,-0.056281693555485596,0.138770081268893,0.0735114659240719,0.07146639711489126,-0.05307764607559723,-0.006904133156448105,-0.03805900710052844,0.00921421530364607,-0.02407657665557838,-0.08322628526113778,0.048348442312876154,-0.058871324864891106,-0.004812525027709434,-0.0783684939253176,0.005977431377769233,0.0196957254695451,0.03292537272625024
"I rarely, if ever, have trouble sleeping due to stress or anxiety.",-0.11962267348623937,0.0877793084968644,0.02398226297597054,-0.11214729122433244,0.18506778899161874,0.0017506643783757904,0.13792984938817682,0.1156815128701599,0.06677377102704898,0.19124891077781034,0.13117600972645985,-0.14045533072691857,-0.026550890079266927,0.10873952347398474,-0.05768219815427911,-0.14480922986705635,0.2607599703811775,-0.06645297021039419,-0.24000885082917914,0.03677637832947482,0.02993580007034896,0.012965391223118515,-0.058129605980864835,0.1426070233957939,0.02865276793360475,0.007566514795898816,0.03187680963697002,0.08762068342987153,0.04140961679801851,-0.041644091923047945
I remain unemotional even in situations where most people get very sentimental.,-0.14076968020386668,0.14227254619872792,0.029261803381137187,-0.0497228513825959,0.30443771835681144,-0.1646452724908176,0.123111839522034,0.08788462900954648,0.2029230418857543,-0.02027410689736432,0.11393755940809515,0.09788472995700347,0.05294903935639773,-0.048253439285714704,0.011145816746243632,0.12088856538752459,-0.04030565276546795,-0.19335804687635885,0.01930893713616448,-0.005480688863790944,-0.07375245735318965,0.14816931145698584,-0.042970075323925584,0.1711892908880616,0.10986272597562734,-0.017113866925680215,-0.11017973691405127,0.007399505395511919,0.09232618117554245,0.04473372693684028
I sometimes can't help worrying about little things.,0.18698578273594726,-0.03675654528366944,0.10796649325715907,0.03879908449199151,0.04391546949793539,0.09747917521745737,0.042117494327939736,-0.0979370123929911,-0.09192560807455268,-0.022475883696518012,0.24305265244996285,0.09533703885090859,-0.18269223565357473,0.03302620070130599,-0.03292805253757075,0.08237856963575066,0.09940137149620104,0.07891642515217867,0.1371367577346712,-0.018658654011030718,0.15670300102692916,0.09066204125061893,0.061522716803827565,0.020105210021593423,0.031900363627366236,-0.10489753341639554,-0.12160306953928693,-0.05348285554478185,-0.1420755105178056,0.05018235832906364
I sometimes feel that I am a worthless person.,0.07733191282374069,0.05425518975268153,-0.047721297458248456,0.07680681223899535,-0.10681442544252137,0.2160873421673573,-0.03307641082681173,-0.10433154845463687,-0.030134708591612724,-0.035967557920101347,0.03230424899978048,-0.0972291508362896,0.1879520653911274,-0.1199230217956354,-0.026271666954706747,0.0915066327944186,-0.11911988475469089,-0.08222201122360671,-0.15801033242915835,0.023171303067508153,-0.020808795848493846,-0.03308284306936222,0.16989872768153796,0.03614369237565773,0.16705398423900514,0.11097480872514384,0.04359333689245836,-0.13109006881962149,-0.164961672867752,0.16067792773279246
I tend to be lenient in judging other people.,-0.017570239746507177,-0.06365933843441207,0.022004847798392884,0.145857365679279,0.09367108351867107,0.11090903722304721,0.09517665836215193,0.07494291134714462,0.011241507894964751,-0.15793924435913506,-0.03575707653021705,-0.030485475301105697,0.016292617497591522,-0.021462824889398043,0.0527858908054054,-0.07051703135331636,-0.012251552165524092,-0.08451685620354754,-0.15767807310855442,-0.12219099899292374,-0.0237273489815826,0.0959877218243181,-0.20698054652149545,-0.10570687340833836,-0.02797555660284454,-0.07114400737350177,0.10214573170718784,-0.15081226410290124,-0.03588034244704737,0.1259280078317555
I tend to feel quite self-conscious when speaking in front of a group of people.,0.17130101067115008,-0.08693826416899761,0.12160721430246733,-0.0841294085906377,-0.02549219226708011,0.0795865874272549,-0.07650437187055707,-0.13614477256761673,0.2965956466060049,0.10096700142668802,-0.09746881062648324,0.050588769322164044,-0.18188081857281937,-0.26866110607994564,-0.23848778971500859,0.01547934857916087,0.1770102359979409,0.016162030835827734,-0.03304669713577924,-0.015511998273152037,-0.028494428302226114,0.013630387509925035,0.050374027867926996,0.06652867485453824,0.05818821554628272,-0.0003413404274107123,-0.09211920252672462,-0.11086264090690934,-0.056154192102826836,0.07557546197933794
I think of myself as a somewhat eccentric person.,0.02530901835504292,0.013680871496967919,-0.01600839111804593,-0.0675519209269372,0.141071822502442,-0.056079665291273756,0.04617972757301973,-0.06081749119167532,0.05842399648341305,-0.0236285638208252,0.0746237970568996,0.07641893501758637,0.03338676550203033,-0.1673824594405528,0.019932316959910542,-0.01115395468255407,-0.07416008842964152,-0.0702873440008637,-0.01642207904101445,0.04798615198596955,0.0792542116596962,0.022584993480744386,0.049213322012008,-0.07039360024360629,0.05931121256331314,0.04120580295941585,-0.003308420047764244,0.09782291926976909,0.03504511571953096,-0.09791647613364889
I think that I am entitled to more respect than the average person is.,0.09473466102390607,0.2238264409514967,-0.17851438547386503,-0.07340586560282131,-0.01913439174889418,-0.036148503390908894,-0.1808378354537492,-0.07271025829930197,-0.15878554045677926,0.11664429284558661,0.06775120726832043,-0.10280961503662575,-0.20509131240804582,-0.1193910544828918,-0.12210917070034824,0.17448480793298432,-0.1237594140789677,-0.0863472968963668,-0.10824258391566412,-0.026352406773089417,0.005957844088986472,0.04292371109091428,-0.12336336566906274,-0.08933487450109365,0.11335419620094637,0.014471253906823023,0.025018078145103463,0.28210899333415845,0.027589768125134684,-0.029306415747904085
I think that most people like some aspects of my personality.,-0.013902432923484358,-0.0592055877349666,-0.01503163489740127,0.005841132097753278,0.04439679876852084,-0.0052702401535666445,-0.042347351674301176,0.07310427538067726,0.02511246250006707,-0.039547170198158905,0.04880436547956255,0.011327545493402792,-0.027398526511703568,-0.0027248236618452695,-0.09166210948087251,0.023837182407477002,0.07875686504308436,-0.08981321302511568,-0.013277715200875099,-0.022818729605195345,-0.1285049507789228,-0.11037442248844512,-0.10627162175583943,-0.13714351985433032,0.09563314242653767,-0.0008445908793975174,-0.09112846437443303,0.06358484811573785,0.004993563723659382,0.1099233456758906
I think that paying attention to radical ideas is a waste of time.,0.057710992251549936,0.05067383361193711,0.05084623797917359,-0.056606268407695774,-0.12833686165353397,-0.028148020429379788,0.019717545732026776,0.009518791213942255,0.020095860211256266,-0.02069027172853299,0.05017407231189832,0.00453983139990474,0.03019709535506127,0.025426281456320345,0.07165737496073907,-0.005144074598852246,0.025188513318581806,0.003393693977030468,-0.0398075021929153,-0.05496326555772199,-0.03575187380820202,-0.06553522638725855,0.0904224496594283,-0.041142996829256734,0.03946651306688711,-0.0530756301544317,-0.19455746780241337,-0.15260413427133068,0.07483892071450497,-0.003201815507420815
I try to give generously to those in need.,-0.01331966857564485,-0.08257128695421577,-0.034442757802668075,0.11589595881115838,0.17104584405611448,-0.01905214349853564,0.06870856828181002,-0.03483063224145823,-0.05114862387727388,-0.01667342185258706,-0.026851424337927494,0.07029199647266463,-0.08163856959005114,-0.13393249246592487,0.08616270621641438,0.031851872656925795,-0.04211182387514392,0.03023142174425471,0.01194732837706094,-0.14408192311170925,-0.11965811315463032,-0.012992917144529818,0.04102902601046569,-0.2474423033391323,0.02956875813429745,0.13797165118075339,-0.09460097734897698,-0.04477996802064429,-0.04556870135434029,-0.05820144507360647
I want people to know that I am an important person of high status.,0.19251114093854244,0.12493900692123618,-0.23212126242769077,-0.044100053007538435,0.0612002462156673,0.036124963062595904,0.3126037784652578,0.11865649422148851,-0.0021189349500804304,-0.034001564556738695,-0.13858508961599192,-0.09196612720439189,0.02324919659837624,0.06419236573441603,0.09038635242439408,0.04535470042443509,-0.02335683908242198,0.11305523618649838,0.07907096822691818,0.1279110070073052,-0.09214005115611995,0.15616559357521198,-0.07888894931208683,-0.09190150679701717,0.1926433344174817,0.057109945078877254,0.05041872029379691,-0.11543053373915153,0.17636779766633393,-0.19650141192004475
I worry a lot less than most people do.,-0.18225037590594195,0.1354537226805116,-0.16231077176743847,0.08978042809798288,-0.10591530686211874,0.16740514122184258,0.07379866648847237,-0.089810385252607,0.03673875516460302,0.11598557854957636,0.03704330819787244,0.0748226857160181,0.0490542009892974,-0.05681705830823226,0.051765153732433476,0.09112974031301699,0.0856877914812568,0.16691920668362675,0.05487610382363781,0.13344251174845517,-0.04732915919385841,-0.06994005762422922,-0.03749156301390957,0.28304080643894086,-0.08630177600300075,0.10810897408275166,-0.11796743861765879,0.030446253372231107,0.00391000049190813,-0.10096265352410856
I would be quite bored by a visit to an art gallery.,0.018642062073508967,0.15223070767763439,-0.014986006025583556,-0.04744879778511758,-0.13494985089374698,-0.16655045176598932,0.10452011268631459,-0.22908956107932374,0.13489215045286965,0.004714359429935513,0.01690658851528764,-0.04901833633413592,0.028928014337952657,0.16948666656422726,-0.03585313044604861,-0.16045593295070265,0.14629096676943062,0.1260168730814835,0.08932972852008311,0.1736427881313404,-0.12101033297709214,-0.040090587663830994,-0.11122733277505008,-0.10911056192639804,0.07036876858686376,-0.0008514301300951985,0.059202942787026945,-0.057587236957710765,-0.223595533258837,0.18875351408591398
I would be tempted to buy stolen property if I were financially tight.,0.04102431305179109,0.04069802484399473,-0.05238390566132526,0.03182714161881511,0.05921639381191467,0.048891297378536876,-0.04009973236133845,0.04073996839763777,0.011633315263995902,-0.043992593853395275,-0.0030901342515971962,0.05004853094104495,0.04778882701361645,0.07713835887645515,-0.0490341242568778,0.027985975394677596,-0.006833144023999133,-0.10914151768267463,-0.06413975785273719,-0.006773705246085372,-0.05660955915611706,0.022003455527262905,0.005876773159262939,-0.008376798996079302,0.037353784666854344,-0.07538113569139863,-0.07356080313484403,0.11420588120391284,-0.00314763562745801,-0.04271404687740963
I would be very bored by a book about the history of science and technology.,0.11661842503343242,0.09264564017556566,-0.03626372521809183,0.027416955939376705,0.0160362446682216,-0.16259322232873138,0.05258439649718575,-0.15188315762694005,0.002180385454564209,-0.007917960820977359,0.17988822749080552,-0.04212504799341107,-0.08966797514190024,-0.0544076541694812,0.04229669254835306,0.1480744264361253,0.0642329073057112,-0.026332177682523317,-0.008995776480156243,-0.015907456495436834,0.031049474113524676,-0.1738175554326032,0.0692005118317311,-0.03544906305404088,-0.02081029984665646,-0.0189298395078271,-0.1804833878443128,0.08966775524052756,0.0490097660587193,0.002354252285530608
"I would enjoy creating a work of art, such as a novel, a song, or a painting.",0.0054878906053010676,-0.1164349739075903,-0.07002847257601306,0.07248450977168677,0.16658753960750225,0.13112552708849892,0.007374740995140481,-0.12677081092053627,-0.019567909997746224,0.052907129770184066,-0.14896737855208983,0.23182032385517068,0.0038890346264703994,0.07973631340639416,-0.07232802218400225,0.03641173883147741,-0.11505136147366626,0.08717624481800713,0.09507781793307868,0.02264929588982928,0.06239931621625458,-0.08446798723142418,0.017437364124427403,0.05122949692277524,-0.08244065935979257,-0.134288720204008,0.19897290415473368,0.05954771899732833,0.20017338263517734,0.10005383215058464
I would feel afraid if I had to travel in bad weather conditions.,0.13883596753002062,0.11084441667812948,0.10383161675947838,0.19209540957925572,-0.004945275236687583,-0.23777228741350773,0.1481137763799068,-0.11079417040288048,-0.053466651442222644,-0.13498055215266186,-0.1864717902128665,0.03774922439411984,-0.1711914657285424,-0.19606166161338198,-0.18973970905163146,-0.06412976278116768,0.08748650587899584,0.03258642902242708,0.05103026977091445,-0.03592607102467244,-0.020298523346827264,-0.10120654237595614,-0.005946439024403418,0.06031428514194749,0.03158750421693393,0.08634395630980173,0.112109638136349,-0.01222477604923512,0.08575863439332361,-0.05106031318520594
I would get a lot of pleasure from owning expensive luxury goods.,0.1375221591205194,0.0759855257927959,-0.040385937236353954,-0.09831323747438621,0.08550998238340905,-0.126963719587751,-0.020769015844756315,0.31561985042454543,0.001096386483890793,-0.008536342321507543,-0.05340648085722151,0.26188136063860057,0.11872299707421714,0.005663409155761024,0.04798147570586537,0.05227211587812446,0.1475689346010913,0.12147255376132932,0.013504750042443975,-0.03729182649750235,0.03378088784788442,0.03027398936331504,0.04437933161993857,-0.10873203394048558,0.05832149937122448,-0.12684251056744758,-0.03965468367739095,0.1960365904522485,-0.11430270797683685,-0.03636048188247013
I would like a job that requires following a routine rather than being creative.,0.04909562573501797,0.14147841889885268,-0.01587535394732755,0.009152102404617241,-0.0957166340175744,0.09432679159429903,0.06810965409855534,0.09134412419992134,0.0854226110952011,0.07398188842347847,0.08210998709128288,-0.03594384150073138,-0.061802089403194,0.03707683209366042,-0.11423779818575681,-0.12410001723845489,-0.09887853541602738,-0.06122713934090479,-0.0075343614599916835,-0.009970497300794844,-0.042989706520107786,0.06320730663984529,0.08562958191273677,-0.015515370967494063,-0.017030094525941092,-0.06097400071772911,-0.008782688725680086,0.1823036715541481,-0.09762887110835188,0.10882631865707212
I would like to be seen driving around in a very expensive car.,0.07750889470407632,0.22510172223196398,-0.01585355432395615,-0.16738545165516,0.05029293241295277,0.029452710088052392,0.06784493295644359,0.02048652184382964,0.036878714496612994,0.19752081281727996,-0.0748709585111444,-0.024786313497822,0.03983794903854556,0.06732849981500175,0.15715860933902998,-0.08779400838630756,-0.1227077504251743,0.12213030953033717,0.06812539966668048,0.02982844955462515,-0.005651253463328887,-0.13930877870619016,-0.019859250379041588,0.02319242769992814,-0.09764657622977868,-0.01131931278681722,0.05222581947809118,-0.09567499185910197,-0.11600546589966262,0.10572096021906797
"I would like to live in a very expensive, high-class neighborhood.",0.009160668183388227,0.07149381078442837,0.07457826184665185,0.1619830116999296,0.048779137177509875,0.027602189995039113,0.04484985023319976,0.12729915704211042,0.05913170708259041,0.0506344921710343,-0.12235644113223586,-0.14321467194778306,-0.0326259926856746,-0.16793736546307117,0.14848618175306608,-0.07523120649306828,-0.08564966790845854,0.15507488333086,-0.09627477766382636,0.11481930138318036,-0.07906356644576723,-0.07565248091541588,0.013213314358263183,-0.06221841816900616,0.01581542344648817,-0.25540317708898763,-0.10720609759438333,0.05081434951761866,-0.07288001307781329,-0.1500666801360158
"I would never accept a bribe, even if it were very large.",-0.01585282857690766,-0.004874407349491258,0.030663521118893044,0.0015690696919026896,-0.006060048941124244,0.022758151191872165,0.04274059764177192,-0.04403422700293426,0.01610357050780657,-0.008326746251079214,0.024599165312078508,0.007545672614233489,0.07702734306682833,-0.0018569414282981658,0.004446361009984385,-0.03971851699880169,0.03634563872063881,0.022907716571810573,-0.0811720753517799,-0.04757923035665667,0.07105426261313295,0.031431711667348525,-0.001387699642172762,-0.08558970977874147,-0.01829838171484727,0.0542451923669529,0.05785233199408803,0.09138937517065909,0.13513512879823833,0.01966375565885961
I wouldn't pretend to like someone just to get that person to do favors for me.,-0.049043181777460046,0.06621270488964084,0.03627389503239053,0.013471550337729418,0.013879255202879047,-0.07610588102790801,-0.0559621266552818,-0.04842381064145653,-0.04458652920191295,0.06780546448143904,0.0010184864588747742,-0.15819330290859804,-0.07843373806626587,0.06965876178849366,0.0654471348053824,0.07312957364168635,0.003052363790162331,0.02267930605996971,0.06496134040358587,-0.027302148455809767,0.24843815506488887,-0.12027508731023108,0.1926714859472116,-0.09295812079713599,-0.0668581120551045,0.06942558710362647,0.06629819866616432,0.07456593525987144,-0.03885430539968568,-0.1698954656826219
I wouldn't spend my time reading a book of poetry.,0.06150465944415537,0.07082170141901047,0.14471354192638874,0.11251902978863408,0.02161290009887202,-0.03394048238308697,-0.034334497689991264,0.07010501476385685,0.11166420394801573,0.09546619440753014,0.041511023904576956,0.12889491371895423,0.03353461398909832,-0.06954884061719009,0.3736044142686221,0.004368358206147788,-0.027360209842986507,0.029294132796186884,0.013241810944536445,0.08106987258800234,0.05953648182732274,-0.03925191223030392,-0.035010154613493834,0.078029287052803,-0.021576692829175112,0.2736997751544373,0.012694524625760399,0.07301782430917213,-0.049857197217892904,0.02458298255696048
"I wouldn't use flattery to get a raise or promotion at work, even if I thought it would succeed.",-0.1007347679839496,0.1494801803358305,0.23094898065406894,0.07907229739546014,0.07353606343663414,-0.07575225732806619,-0.05475688076593557,-0.16987215865402538,-0.01683904576204386,0.05770677159816852,-0.02806093644594719,0.031116582683989393,0.03749984866842874,0.02827742128252678,0.07198378425871112,0.2587335522058203,-0.06900791178056791,0.06004981309093579,-0.01937631170771914,0.3068543657827424,-0.18864820254545686,0.150648998549343,0.17411082783893778,-0.06557241549982873,-0.23110103603971135,-0.14687378877434068,-0.030085292862982522,-0.07381139337885975,0.15469758302655126,0.2711029443460964
I wouldn’t want people to treat me as though I were superior to them.,-0.09538527531146873,0.01998230330620116,0.07143007878827287,0.19235042426478546,0.019447568027009914,-0.20507321245561747,-0.03272884760803882,-0.03369256315706378,-0.09016238941285754,-0.05126904220148647,0.009128405055143677,-0.02342077690464581,0.2183286034967995,0.10209569701439943,0.009973729012537007,-0.03864516050085328,0.054364664275273866,0.09144242928467024,-0.01020987236200046,0.0358240244182156,0.08565458920235328,-0.03931610015408811,0.11085542999898998,-0.02640311573296873,0.1626477475351398,-0.18104010868450962,-0.11285422235746558,-0.09935063378287108,0.0071266793691663515,0.0365521261281844
I'm interested in learning about the history and politics of other countries.,-0.06440813441510629,-0.04546121130357122,0.12875063964613678,0.034019951113031376,0.1191523708276412,0.028300690723500766,0.04336921015407728,0.013356311012602613,-0.023665653495894747,0.02594687460711532,-0.005467999219373353,0.17547949034845625,0.0549716335606966,0.030265365617179612,-0.12427188148262311,0.03723610668366911,-0.17573297857744502,-0.05772456191196282,-0.03178803093431277,0.12295596011224262,-0.055102076202502154,-0.12011147951122579,0.031599796906128956,0.1037694980464442,0.23188029999236076,-0.13666436385873618,0.13603642472858185,-0.043721948873857254,0.0020422133016687973,-0.038307302895795876
"If I had the opportunity, I would like to attend a classical music concert.",0.02626469484847289,-0.01652258455802511,-0.023583244922086747,-0.037360297090817104,0.12543794853889845,-0.06599028884941117,0.06687724660654235,-0.02508617940968987,-0.10616960690069752,0.05418261139113282,0.041025497258795375,-0.029942823106673934,-0.07811973373499599,0.024029453814878445,-0.07744903482849881,0.08199377484176977,0.052644486857730204,-0.027400833373114303,-0.08268345254516814,-0.0306321549942107,-0.2242088744082669,-0.04926884653107921,0.05284344317776474,0.10583298561205227,-0.06323021999391563,-0.1405715153272408,0.09655468821525222,-0.05221868289401085,-0.09294661058251334,-0.054547987991643926
"If I knew that I could never get caught, I would be willing to steal a million dollars.",0.01857950283138968,-0.001224984836886931,-0.020987090693865916,-0.008807861071031686,-0.00015489507296925314,0.0008082417715245885,-0.011908570885770726,-0.011478629872663071,-0.023701439421537244,0.024176018350028146,0.015131228439953235,-0.07120738738418074,0.03906183871797637,-0.027038655367427413,-0.054405887537415404,-0.049251741045307766,-0.04156569451375632,-0.02267102913195758,-0.02339041654790261,-0.11271161846326284,0.1740891591573611,0.06228008889670532,-0.06937974277841005,0.02259484638095608,-0.055193308359171196,-0.14263756978569514,-0.09726756058749196,0.06231653886911752,-0.027249473313389443,0.07632441861530674
"If I want something from a person I dislike, I will act very nicely toward that person in order to get it.",0.10706161747870074,0.007799563684479071,-0.044055162638378796,-0.20742317243140987,0.3151346659071878,-0.14994758786499543,-0.1424594712029857,-0.1280653232357318,0.05252039593600663,0.0323606891815247,0.15498523907842157,-0.19923171134890097,0.20131814199709316,-0.0170209433577402,-0.17293701133227368,-0.01924366965420867,-0.14968515232293192,-0.051611136475848036,0.37154850803664463,0.03585322270442106,-0.0341195003779596,-0.03853295596786205,-0.04429388474185574,0.028168147092503912,-0.08256569130576986,0.09862201091070644,-0.022447745078970547,-0.03482827439545196,-0.03948059102971935,0.11057533014164121
"If I want something from someone, I will laugh at that person's worst jokes.",0.14427288334114302,-0.021316995277376533,0.014934745225943777,-0.00552062286611478,0.16282825167319157,0.2926417508630035,-0.04841073378035481,-0.05075206457553333,0.13592540641996434,-0.2531527029152919,-0.06950456040298472,-0.0069806105194164525,0.022672410053763473,0.13748653068996475,-0.1087784313811679,-0.14569705261875524,0.1606381102658672,-0.04940458700801094,0.07232863931511369,0.2540229063503401,0.19708116245771495,-0.0905070999841864,0.05422896356598736,-0.025496885118501227,0.0073626120065459376,0.05223174066392357,-0.12848407182409072,0.005210428875006094,-0.040437686957266815,-0.10021095447833206
"If someone has cheated me once, I will always feel suspicious of that person.",0.04629016116129099,-0.12583560840582314,0.09598806716899187,-0.05646374406932302,0.18071920607242684,0.10967620214785062,0.007930193343077117,-0.06754360740867536,-0.22118397276522955,0.31694253331511196,-0.2425265252349833,-0.15938596058456947,-0.021492640383918654,-0.020101976017002976,0.02271438787399046,-0.07739975393025937,0.06473597985918138,0.13632072262459957,0.00025665396263742607,-0.09474120764542461,-0.06862973766577384,-0.1094164359238614,-0.0689299607645078,0.08651542719576626,0.26945380270502106,0.03189405338443931,-0.10458746334904385,0.0033515022341619534,-0.07809610072836247,0.0690283244389777
"In social situations, I'm usually the one who makes the first move.",0.03203055316281474,-0.061585592783429385,-0.06174612872309317,0.008423078143126704,-0.003839829889932813,0.03466390847968744,-0.052946711152314585,0.056759265620684334,-0.10697300643071396,0.03666105494632838,-0.02980038442988026,0.021819271582088105,0.1407093334585646,-0.2500845709431713,-0.14162220358164834,0.019468041532962752,0.0406692842797964,-0.0036685795409241084,0.013552778534143326,0.11652996982317561,0.19670389869009727,-0.07983453340638928,-0.022410807347043274,-0.1498560301710072,0.05354415691865064,-0.008103945263077322,-0.032143152464931476,0.050832242667073396,0.176831984726161,0.08784065258843636
It wouldn’t bother me to harm someone I didn’t like.,0.04670495730027312,0.07085196227201243,-0.07809133908716072,-0.005414945582083266,0.05543704895992541,-0.027412041531942752,-0.13185168968476366,0.10335381172149233,-0.05547447647749091,-0.007456719394392691,-0.07779199373073825,-0.03580603411533338,-0.17862127866824412,0.16325384568567797,-0.011498420091149075,0.02002365353883727,0.013083782764575256,-0.10709676934679227,0.07400137902857024,-0.07268059871163367,0.017152521814509564,0.02476242522983138,0.04434142988847066,0.07586465955495328,-0.166136167139025,0.0997972549045345,-0.0066726267033104525,-0.05545064945559784,0.009344909882929367,-0.0909367273854777
"I’d be tempted to use counterfeit money, if I were sure I could get away with it.",0.0902237636420214,0.0873555252708509,-0.17807461447247175,0.06205726083695421,0.012263800951880404,-0.024666865899825502,-0.1605230182624919,0.20487784375583085,-0.04508379807588187,0.016932806015952675,-0.01722512838851707,-0.053191257882011435,-0.1016830133662222,-0.0007784169316031269,0.030450971948698693,0.07741749811782377,-0.03571746696312077,-0.16648548429900356,0.07841591860904636,0.10742192573099839,-0.02950149479308807,-0.08051592078909806,-0.044220521321260246,-0.029072757572085668,0.03739090286904827,-0.11171592761231137,0.007199558274667195,-0.204836952961054,-0.06261408028682214,-0.03530776746602828
I’ve never really enjoyed looking through an encyclopedia.,0.04888427830771994,0.23562686077588818,0.18481534414760512,-0.11172784618639012,-0.039618733500371366,0.0234717834876158,0.055004427123673184,0.11825263528077636,-0.08342328292729073,0.006761360651806576,0.07646808934131545,-0.008520530516221272,0.044264517749478365,0.003138204037535544,0.001956591996303101,-0.10315967654697504,0.017384966961281105,0.1439358834832395,0.23513943728211906,-0.0935074767095471,-0.05907819367650368,0.09804366861236029,-0.08108022435148417,-0.07997582007295062,-0.0869205217076267,-0.028585141829597812,-0.036752326452306444,0.01830794760921139,-0.048287599183640756,-0.01736303428095249
Most people are more upbeat and dynamic than I generally am.,0.019734548885259696,0.11927270096330765,0.21058968495903424,-0.02449730128227295,0.03787154244045858,0.0882652345537362,-0.05364086723038521,-0.038536838013089984,0.05714090664251783,0.002333502919477869,0.1390125643904747,0.06754713997338922,0.08005392692218188,-0.018579249152585197,-0.07812847740488385,0.029004294759672086,0.05907763482118066,0.009407912497452568,-0.05630315638402441,-0.1431246197459505,-0.07015723756361657,0.05488266937771739,0.0654682513568982,-0.04470841790103781,-0.08451266455290604,0.011898311442217674,0.033402042821263064,-0.07612479467215925,0.07992074902597457,-0.103865412539082
Most people tend to get angry more quickly than I do.,-0.09525572540965098,0.07489834704496395,-0.06679835898411454,0.19565125816140608,0.11166235993583437,-0.0010896517623236077,-0.026867622240828556,-0.13932021360595673,-0.062150905000597535,-0.037408626581279594,0.006047147438743512,-0.1456691404541431,0.07494150674361025,-0.11815958722395647,0.07314268335343496,-0.0982985687026113,0.09750688719589823,-0.06359606063993234,-0.0014017521917440638,-0.048774472935770426,0.033003807101928385,-0.009360987127541109,-0.015067770551275466,0.04113781227530501,-0.025175952367461892,-0.11149566566292016,-0.041572953139390106,-0.06600800575817252,-0.03980106191509921,-0.0684583166280122
"My attitude toward people who have treated me badly is ""forgive and forget"".",-0.013659174975709187,-0.0036985699806186866,0.060746874623965934,0.0719527437684101,0.13147090002176703,0.1737129377692246,0.01625401433735096,0.0092109633947799,0.07873707003558654,0.039202373819989735,0.13692381968774753,-0.17296653355585925,-0.02942307083707066,0.06150368556517433,0.18938029783603502,-0.08942902011691782,-0.10954155488080777,-0.140091568453666,-0.0014945055333066043,0.0839630370418022,0.12104891826418819,-0.03438305602190947,0.09541610743371362,0.002921797838850168,0.056916356003583767,-0.00430274541667268,0.10312801089845948,-0.06987081592876551,-0.08687778273032724,-0.046234307736031884
"Often when I set a goal, I end up quitting without having reached it.",0.07905805191395367,0.11519193913242398,0.08852584600943068,-0.09339482975898068,-0.053355928109218694,-0.06264878599043247,0.08465924290334699,0.11256433955000267,-0.024014515308714773,-0.061294174601140346,0.06224915022485503,-0.0406075109233351,-0.07485527666816275,-0.05711248303261902,-0.006285785561987408,-0.028099993720047914,0.020340031238341473,-0.09295163257366669,-0.07902218825140858,0.11360469676650778,0.08772007872580224,-0.18224617313201408,0.10874948456564382,-0.019510001353622408,0.13392570768907724,-0.0789893324477204,0.055090114324304724,-0.01997193245863906,0.09730865883073836,0.2917057142493874
"On most days, I feel cheerful and optimistic.",0.09905229079432451,-0.08923308268755238,-0.13535505170034373,0.1329310202972369,0.04884169579093517,-0.08523241663320728,0.0032414110377689473,-0.0032131598185876293,0.00017942841903710499,-0.05086146347050314,0.03193475990722364,-0.05507197407022825,0.0022229759876498728,0.015703263642659927,0.020182175475100306,-0.06223353531700175,0.07705378304417497,-0.036520884422066156,-0.033210667968603655,-0.03840307535097182,-0.13237379724833664,-0.028461360159637218,0.22240196855844424,0.07822454161589686,-0.11635182622596409,0.11424575943193198,-0.10284105321375876,-0.04319344323233086,0.09379355823516822,-0.0770467886689052
People have often told me that I have a good imagination.,-0.0048641306080730515,-0.0690711567691629,-0.04809935942666061,0.032843287794917124,0.05149325002939475,0.015222068212603152,0.04296911166894273,-0.09082113959886269,-0.04141183396482034,0.11197221554990086,-0.12401154911683952,0.11507030524195254,0.008137069162186329,-0.02423269957414784,-0.004308517798273164,-0.028216927161330205,-0.0201933418318185,-0.1835554997873097,0.08992370614420891,-0.1737256178129344,0.13647124666005053,-0.11411081573025202,0.07901406961654259,0.0022221466906811,-0.07723883145243084,-0.10581590281993607,-0.08453900416196909,-0.09800597927421448,0.008028412142876877,-0.08185754959495242
People often call me a perfectionist.,0.0662436137649033,-0.134780501269504,-0.028121468720856663,0.07444533885926591,0.0429250481428101,0.023583713494507115,-0.08148957738864683,0.03862588131603551,0.09884922483705993,0.08153874957654675,-0.10897698873781579,-0.18096487788460014,0.01938555155937315,0.023032007765655754,0.01259760004562517,0.06777508200962849,0.2889966545579582,-0.1167549022533272,0.0636344549183152,0.022804877114092098,0.032573786859978,0.12508832318331134,-0.2233847907134094,-0.015365229021159903,-0.11415926145737741,-0.118148752824934,-0.09106941923264297,-0.05904658150519765,0.18756169091726488,0.0838572825894073
People often joke with me about the messiness of my room or desk.,0.1128039921446854,-0.04030701538768668,0.029265414644765717,-0.1500076312443247,0.185439747691972,0.05936552528724072,-0.036478135269933876,-0.20718373517005118,0.10909820258414214,-0.049804970265908625,-0.1145614182265108,0.021052037651061246,-0.1712690196862434,0.3128331775641438,0.01708443337556474,0.053705640880555426,-0.10688246605292309,0.03456228354294777,-0.11209701622541389,0.017418650051647614,0.14383221132486243,0.1682601965325474,-0.020213139316464117,-0.1449575260220108,0.19433459915578474,0.02837391793736548,-0.13649332986955648,0.02063604746163594,0.03379162954083452,0.16936232124430114
People often tell me that I should try to cheer up.,0.140668267495426,0.112658928892689,-0.08403766562155988,0.06195083015741869,-0.06860179579406978,-0.058188664287753655,-0.07282167877506611,0.04663953363729071,0.24877974192535313,0.07647860190087158,-0.06849031588928174,0.15949069332466198,-0.07666852728701413,0.10292048753174936,0.054080861898243744,-0.10685663972273253,-0.05555546348800469,-0.010736185926251564,-0.004856501939193028,-0.052155984391453206,-0.03578098933971949,0.0588076646250343,0.1316673365108042,0.04158401294230697,0.13218282918589974,0.06592989244963378,-0.03431268291085389,0.005836301639033313,0.24467195520966603,0.06392270315243721
People see me as a hard-hearted person.,0.09759118499740506,0.1454083104949285,-0.05459487849624037,0.03175051864320127,-0.07473181103345362,-0.08776886977485016,0.0144903664205247,0.03997042920981791,-0.1736990597337401,-0.1006699142794963,0.03353729194664368,-0.07130412711223381,-0.015256232613240652,-0.006846522007698228,-0.16600295827813813,0.03177939313012226,-0.17618010364179618,0.14680708975360895,-0.1985826178604363,0.014778622342025788,0.12410000912319956,0.06654651277852897,-0.0029712961627437516,0.019416380476468948,0.033383316008683994,-0.03118168121964832,-0.1105930069068424,-0.17450113043461551,0.017801718168573996,-0.004906432585760073
People sometimes tell me that I am too critical of others.,0.0498993879761925,0.1238618945025135,0.023997720202966373,-0.03976880633115956,-0.001642281988311417,-0.11245164401323107,0.0031273262342500423,0.028539903688490617,0.07356565916109924,-0.036643546386671014,-0.035002995707841454,-0.026172290788201383,-0.07303420305506213,-0.16791596805315726,0.2093800539265503,-0.055903165435864745,-0.03651542470239873,-0.02007197469359065,-0.02582020535793751,-0.1151730987454582,0.13453629373416326,0.07838847999081124,-0.09751929691000365,-0.18985001317542993,0.0020889040249346662,-0.11080101793974557,0.1175907041219961,-0.014498434569103817,0.07839876002791743,0.08324758835376789
People sometimes tell me that I'm too stubborn.,0.053988947012967074,0.028470949546783614,-0.01762654499492183,-0.05511574937942482,0.047170214455564075,0.014835030165899973,0.15082956214210733,-0.10478313201054973,0.11636030989101603,-0.14644407956584318,-0.027670133832160552,0.030073748460345308,0.1814949211822321,-0.024909243551285706,0.005035396413731776,-0.13148793635335612,-0.15389756616765535,-0.127404684916179,-0.1471761790353247,-0.13710191163527674,-0.10354940377312952,-0.007434920845713526,0.020599400564388515,-0.04987733872930211,0.15336808705507116,-0.0003705760138654248,-0.13782406816790926,-0.035243458301234404,-0.07724046104661612,-0.18045041082753818
People think of me as someone who has a quick temper.,0.14710125262920848,0.09551306906575852,-0.09870432451333062,-0.032643333945337215,-0.028779931520965165,0.09977176142411173,-0.1593886467726974,0.18536845682292366,0.14876497528894989,0.19044939679714973,-0.19635941430180226,0.06647129998670225,0.09192994123873142,0.07259110756676831,0.09750185116436341,0.0774696199358683,-0.012369095726297978,-0.1462995655928237,-0.038605929902009624,-0.18627262154118127,-0.035764183565310255,0.04100313278671041,0.09048826358902107,0.16529316125842836,-0.05854623251183965,0.00602569300195719,-0.13222284835221884,-0.09927401299899762,-0.025744664011953973,0.1331041034648038
Sometimes I like to just watch the wind as it blows through the trees.,0.047710116011500825,-0.0978222711701896,0.018423752442974756,0.027083452966263306,0.0878488180786115,0.06740779912870114,0.07799689357895041,-0.052736294436975716,0.02514769697671841,-0.026558605120886293,0.18749003716125878,0.005118991449691269,0.058638208925913635,-0.11356165649036248,0.11944386243808101,0.04622532239071172,0.08514727763092109,-0.07621445127274114,0.015187882237729378,0.08011657956971907,-0.040384909230030144,-0.03989348464803926,0.18785715629607852,-0.025590848205575313,0.1074596156375372,0.06638484501702449,-0.030025392782501607,0.08168716693214965,0.03399042895299659,-0.015904714401915827
The first thing that I always do in a new place is to make friends.,0.07380224819500421,-0.04682818636068885,-0.15679596851484962,0.14401719959593132,0.04604807001724751,0.05269690742637174,0.0714754302339319,-0.10877338237716801,0.12144378751577636,-0.019074903078582974,0.09000408582480098,-0.00879982623609395,0.11212359602802562,0.05922455766320264,0.15366127194753956,0.093484619197027,0.05103360555494426,0.13629422235597605,0.12412842593447054,-0.18564491341013573,0.18946291543630042,-0.026912066667860148,-0.0043730352546226346,-0.036104328194907075,-0.09357952897297701,-0.15642016375539317,0.17615165282827702,-0.02880445464224826,0.05492391669157704,0.07671611158703576
"When I suffer from a painful experience, I need someone to make me feel comfortable.",0.1391776832847904,0.05267785439427486,-0.012770656429810139,0.3036322809437018,0.08757447943472618,-0.06988637020176157,0.01761117210021759,0.014241277832726605,0.05285746024124314,-0.015102471944588152,-0.05231049732906702,0.04606307271580969,0.013067026527523982,0.1605828290086696,0.013521269909519004,-0.08051107318836832,-0.031095970863117915,0.004717940657437629,0.038652079695524214,-0.16757175080596515,-0.008766092829799354,-0.12383706019991675,-0.16994610704224988,0.1236587270238859,0.14241641124715756,-0.008892712946070806,0.18296122482479132,0.12222965532348316,-0.12787478406325734,0.07445755650818435
"When I'm in a group of people, I'm often the one who speaks on behalf of the group.",0.019184962235255072,0.04334838522145826,-0.13036260337902933,-0.038931448703444504,0.11218251135665881,0.022910011055806537,0.12941446722910385,0.1146453641540362,-0.05830811195959055,-0.06820588070942694,-0.1389509521457413,-0.09588131372084233,0.02588326877624312,-0.055605031184678674,-0.058053077066157206,0.11489966927040797,0.20831941035453705,0.1466031668491743,0.040063516268092,-0.042180572520846206,-0.050866769980115786,-0.02624643381572388,0.3114677908462185,0.05160640992946061,0.0008896402222959225,-0.05124492469290194,-0.002693274228429044,0.12865597572191956,-0.15741895599995237,0.09377009177196362
"When it comes to physical danger, I am very fearful.",0.13161067128471468,-0.019412526609889343,0.028326936765399317,-0.025855278958039924,0.06373623206335848,0.015871165676601087,-0.309346690759055,-0.05645798603790266,0.24732095569644647,-0.07280804015651784,0.08955988478774414,-0.06780990059923274,0.04817743657737681,-0.057176380024576874,0.005292024267299316,0.11631718915663283,-0.09854300618248692,0.3137806993061056,-0.1930408963079226,0.04783578582555759,-0.032800137659750796,-0.20719606063802232,-0.18789140330107784,-0.0006337318717861528,0.07349557619054506,-0.06591554353942124,0.0983115349982665,-0.1333846994182503,0.034846586664464954,-0.11353946294089229
"When people tell me that I’m wrong, my first reaction is to argue with them.",0.12846580740164612,0.06354851325849688,0.012655945218697019,0.02862069004875668,0.13920521326762156,-0.012408327770023554,-0.133936816264005,0.017317312049329757,-0.012864623175007731,0.0765366760799945,-0.12178565618021717,-0.08637300206854315,0.04213733554570651,-0.26684353602271776,0.07797061862080466,-0.06691691229421345,-0.10383333626471314,0.05188158087734821,0.14882272463462887,0.14694752940504166,-0.006785074670368253,0.3112336151691609,0.019138326298097516,0.09963054598978945,-0.012130545361538079,-0.02784612617532389,0.13533748295267709,0.047115641162552166,-0.06533843178268409,-0.16318150849526655
"When someone I know well is unhappy, I can almost feel that person's pain myself.",0.18520933224528388,-0.20327282667977487,0.12271863892569451,0.047007756441439806,0.007141674856538458,0.018798902708848503,0.17285272898434212,-0.043685598681975676,-0.17152871306969933,0.24030671193320413,0.10280088964335264,-0.05345078286531854,0.05070776604876144,0.104828889213592,0.01990082112697965,-0.08229174854277821,-0.1540288458402334,-0.0029480379441356986,-0.10414599487388963,0.08658492213845369,-0.012549186842129289,-0.045477992446094385,0.015719864545172754,-0.02175314217931659,-0.1027632306208003,0.14679103188285592,-0.050300861242480524,0.13221058645014258,0.10516663090409355,-0.036785542291974185
"When working on something, I don't pay much attention to small details.",0.14598580799444164,0.06635820757347236,-0.12004308550250961,0.006881488105166641,-0.07844248635924914,-0.037931188711160226,-0.03384198826330097,-0.197913213774545,-0.01002265884045087,0.021635618419271658,0.046644813965884546,0.19507281486458877,0.09633606079407835,-0.03372230602876365,0.062171036904316086,0.16626089287931328,0.07102439574143936,-0.13050087885359077,-0.12453604126450217,0.1379109961767863,0.0091706967448598,0.16439607019833305,-0.086830700651115,0.07927138520251348,0.09011181489596332,0.027464674814569847,0.1923635457152565,0.12918814085889185,-0.1508168654344162,-0.11277161879663213
"When working, I often set ambitious goals for myself.",0.07387047660141956,-0.040639877991878647,-0.10490882179356475,0.06387963944924899,-0.03055790137416031,-0.0001770827182334296,-0.047149692782275876,0.0023033722418534575,-0.09286737011219096,0.10261823950201926,0.12334874308603293,-0.06450231069467686,0.0075832274470024955,0.12721985070647623,0.06401439710133787,-0.052174342316265325,0.1415129833216591,0.1418938621628253,-0.11217935541367041,0.07383500909425574,-0.011411496715444492,0.11690803086590727,0.14303620367683045,-0.059454103861475885,0.08996376719420891,0.007667508741704379,0.03266858460274425,-0.16490919063883785,-0.1489657430284108,-0.007140304528776214
"When working, I sometimes have difficulties due to being disorganized.",0.16868538258223525,0.012890476740282774,-0.0668906729153569,-0.06515045222238747,-0.02337310438667465,0.038560924298975716,0.1902835469829057,-0.04230936602844663,-0.04309072105003779,-0.10357094579588381,-0.04698687880203592,0.015061625016193559,0.03598523112367565,-0.011687078305030598,0.13133733551165166,-0.031582547214787454,0.11186859028925598,0.12286710843126993,0.07432994778215575,-0.05526396587436133,0.018387154577029215,-0.11381899845885861,0.022382819007261853,0.1563100561610592,-0.037821017255300064,0.09221658066230937,0.007715629379214913,0.12330341289271657,0.1353807233508014,0.1398680738064021
"Whenever I feel worried about something, I want to share my concern with another person.",0.07957052425053865,-0.029016179511530554,-0.04119481134827823,-0.027761265734331124,0.02761740701419354,0.2030518922351221,0.1254972907795117,-0.05014192403223055,-0.13734343758119588,-0.20104235363837955,0.16736008968682203,0.018744000070555603,0.0514554455265046,-0.09849138994821983,0.07111211861436029,0.0046775309147337385,-0.029865024904149363,0.03580634197266528,0.09615409431164029,-0.00027211052139206374,0.0022435950287696023,0.22678288562231555,-0.16718971704902158,0.11633235789669677,0.08156581764426737,0.06672221363820106,-0.02582823633843124,-0.12240244819627263,0.038864237511909795,0.007473705611939918
