,PC1,PC2,PC3,PC4,PC5,PC6,PC7,PC8,PC9,PC10,PC11,PC12,PC13,PC14,PC15,PC16,PC17,PC18,PC19,PC20,PC21,PC22,PC23,PC24,PC25,PC26,PC27,PC28,PC29,PC30,PC31,PC32,PC33,PC34,PC35
Even in an emergency I wouldn't feel like panicking.,-0.1151867981167099,0.12123594747224538,0.14210044174164585,0.24562483774186797,0.0034282292692949636,-0.027862373743345072,-0.03075555652274407,-0.17394496059534056,0.17492393257211053,-0.15494566654726286,0.03272968613726172,0.045605341424048956,-0.2737164155738,-0.03489317537419924,0.24038440911933523,-0.10329334449861374,0.1061755111211543,0.021445193842538138,-0.0397589737683578,-0.025538436641434372,0.034602644058487744,-0.07448159489913332,0.014547246258923702,0.06336286124492498,0.09344978896204237,0.12746207977756185,-0.03524439272071707,0.015626975409512318,-0.0007857951509966161,-0.13833630172907724,-0.13192608401901226,-0.10900278500508619,0.003383706942922275,0.16194688610503183,0.0010133073456957131
"Even when people make a lot of mistakes, I rarely say anything negative.",-0.12141436803146614,0.12933897611412745,-0.029546284743698168,0.010277450606050188,0.06808600857036953,-0.06689685301524496,0.12137553172424659,-0.07738289035461444,0.0008335605870517934,-0.026586562428099134,0.0006229244223715571,0.0565816045555236,0.07935708820604193,-0.13305749386091498,0.12451334479061305,-0.043910816518240435,0.1553905095137702,-0.05611954715596718,-0.02950379054733039,0.18974188497415426,0.04621217296577902,-0.09549554935548661,0.016909976228927898,-0.04630175026878836,0.018846073961407743,-0.09013402948953951,0.23162320826784777,0.041889994895235164,-0.01276857036243482,-0.04104419734219549,-0.019844605325012876,-0.007342435141894356,-0.061788257952878185,0.01061075961170209,-0.0557777773064625
Having a lot of money is not especially important to me.,-0.13980450521240634,0.16416356519335826,0.0574856561150072,0.03667379519528274,0.05129225875010868,0.013565548536252156,-0.0016186722569727528,0.0353418258176606,-0.09425500202628534,0.05365823611518717,0.281313964989277,0.061235850703251285,-0.09362510217932027,0.07753021587429626,0.010459661248510924,-0.011206198423368256,0.06488806173650546,-0.05100517703510816,-0.189841609404157,0.05689592567974643,0.0741506665811793,-0.008210406592913062,-0.03862133967645011,-0.20805760680322055,-0.02131322400432782,-0.1825324463109799,-0.09348845547120511,-0.041121397016336395,-0.01573458469729347,-0.07981718082369123,0.1775175912810847,0.08954495267118397,0.10700877062001864,-0.01578962810171859,0.05144720871384744
"I always try to be accurate in my work, even at the expense of time.",-0.04943069077840279,0.018327078696333748,-0.047925434413209844,0.03369290769754877,0.03913967363968512,0.08878868312146623,0.05686906999638797,0.013053585635040454,-0.09920279308341098,0.009249381187482995,-0.0757955421975016,-0.00014149460260330814,0.050845196001466746,-0.13581356537371275,0.03535854741152406,0.04643358436833306,0.023077323063705087,-0.03527634607676272,-0.11732182239014435,0.13046815283416288,-0.05178904842040104,0.10035468460478368,0.09166338349656752,-0.004074811983683196,0.12781897868431621,-0.08210038543964783,-0.007949937244681208,-0.1093362000483093,-0.03177544702972167,-0.09910289581816717,-0.08659510131402913,-0.020003075917121062,-0.1734205505510204,-0.07165792911591398,-0.003437575451876456
I am an ordinary person who is no better than others.,-0.002023351669482765,0.0689308815861977,-0.055470640036259344,0.09075666678995026,-0.09856142457412924,0.04565236246626972,0.03951451782804931,0.09274759158382269,0.03525161425347526,-0.24497317595637882,0.10502251940260227,0.07600324330672809,0.1468660757311732,-0.13311029321856238,0.09514802104050492,0.2030063573757162,-0.09006399066160105,0.03281173352752908,0.043269657571453186,-0.1736909291205037,-0.13200325805720675,0.09707980983692065,-0.12794279834678196,0.0064356332994494085,0.11259326949167087,0.09010762394759132,0.18879558682577122,-0.13139164669606743,-0.16042754582388669,-0.0008612739616335182,0.03310602428616616,-0.029596311453561615,0.04030989687652111,0.20186502638332288,-0.05034453332649613
I am energetic nearly all the time.,0.02127669493037673,0.21137443899728361,-0.12098899183125965,-0.07843527820209366,-0.1219850558024113,-0.16604287849399293,-0.18280405160539587,0.06642196064659421,-0.05569133597131798,-0.07632331223681407,-0.049753513375519275,-0.13742395472688218,0.0458965962323608,0.02415797496924031,0.028231604247804094,-0.11165577812827901,-0.016990073461526017,-0.021264728394367056,-0.13591723494077437,-0.015550217833674974,0.04404033480872479,-0.016279194050630413,0.16468068543580616,0.02016253651599159,-0.07507923834127028,0.2310858069974177,0.0966434397366618,0.14036977592250469,0.2644466883042636,-0.1425982440869209,-0.03389899139212908,-0.12028269422719709,-0.22596571544043967,0.13212020519506906,-0.18810118715251326
I am usually quite flexible in my opinions when people disagree with me.,-0.060811597407409775,0.07107717348369977,-0.015414228563920761,-0.007060626447876488,0.01828553092722268,0.02619934155829782,0.00013288357565839601,-0.043804226725734835,0.051994231228847984,-0.05595387602114033,0.004308336356131725,0.06492849691663044,0.16436261011974723,-0.0931317146179832,-0.012846233333379843,0.09366964362121799,-0.009345487922046931,0.007835295680579061,0.001699438464298191,-0.0012665289121332462,-0.111634102317291,-0.05508188302725253,0.1508178998841073,-0.027798064529258006,-0.11125460315941607,-0.0018805155552120872,0.15956278934999932,0.017762112697508988,0.02043093341649721,0.03241044652436867,0.11740769216811806,0.1018215244772496,-0.03258970496120721,-0.07208800616584951,-0.11158686947804745
"I avoid making ""small talk"" with people.",0.005330864013049617,0.12654202822478602,0.1762292003317691,0.11634987292861376,0.13111553438068635,-0.016203227960843992,0.07505124826504184,0.012248812389249485,0.05676686966374276,0.3071551816731092,0.14372326186949283,-0.17151016176178738,-0.15539681556962207,-0.1625825845115315,-0.15742857795660856,-0.0365318494063487,-0.09649489522862782,0.040018529150296946,0.07300710002471716,-0.02182613376299325,0.07989624059955826,-0.06697866965081678,-0.1334405088781934,-0.17651236547531346,0.0763368928330861,0.01768637161092124,-0.07049366325033064,0.22802825888161413,-0.039339645067824135,0.22019130183485996,0.1274339946747611,0.03246979599565633,-0.17955828875495444,0.20464610750698367,0.04145523676198457
I can handle difficult situations without needing emotional support from anyone else.,-0.07413854351606952,0.11006570420108994,0.13720159092854267,-0.16291049820890272,0.08253405893894429,0.03706458953021026,-0.15803081459905224,0.06873202277140388,0.1423812317009788,0.08802115136775489,0.031065977030196156,-0.051395233228204176,0.07515533218631275,-0.15142055169006333,-0.11344994700321054,0.05289076835105881,-0.0203761451869386,0.049535783864753255,0.043088576417439316,0.08965062632944877,0.13391177663504267,0.10544696530820521,0.24118660626083116,0.020574651356210144,-0.011753225494977074,-0.13074292553436712,0.03870430352861883,0.045502391237943675,-0.009041718632717608,-0.12997963813353597,-0.1248955425098877,-0.06138716439347995,0.10290113707314541,0.17191463891764977,-0.11874673480207029
I clean my office or home quite frequently.,0.10826196657183791,0.05770757734522885,-0.1969054662840831,0.045049329275132347,0.10366541884304667,-0.20858983257163563,0.037074964280968147,-0.07189987291000247,0.05240843171881929,0.13423288403620623,-0.003756434282400703,-0.2059351496049,0.0838356232362727,0.3047634176083987,-0.1757717630264542,0.07590091507990818,0.029300347209394645,0.05679723148744928,-0.21420399196303677,0.036854472273302595,0.045639392633811025,0.13522824456255425,-0.03911442636275033,-0.019290820896334576,-0.08178524004977898,0.054341535373438415,0.034198980980043286,-0.0098460670119438,-0.13570948942127897,-0.17367210220208265,-0.054026494909731715,-0.11320893528759712,0.020754304906030356,-0.025610074756147683,0.07964730256153965
I do only the minimum amount of work needed to get by.,0.07607618984422124,0.030263699037260648,0.09107041023631966,-0.15102984385832022,0.12873777648508006,-0.024486035786548004,0.06528346156564595,-0.139954712302572,-0.016917063528987048,-0.07489050805410379,-0.04748976769604148,0.017289268011045147,0.07123712270877301,-0.257750534111617,0.08310545086082026,0.09956929909607094,-0.12033711894033992,0.09346805690850729,-0.06720787254341365,0.0776684245824002,0.10772803406251584,0.10547303013217199,0.11564839738576377,-0.08476819883777967,-0.025081175768234303,-0.07328359134895399,0.022807220516708873,0.06918284038193472,-0.09384832265253157,-0.12103851201555714,0.2158326003681207,-0.05641771144214547,0.06086260938361558,-0.005164312961397611,0.15953614408860947
I don't think of myself as the artistic or creative type.,0.058693073117292945,0.007491145628721465,0.08668579704309105,0.0864206408329987,0.0564298712262313,0.08382912790429824,0.08022610988055862,-0.00963231179554235,-0.008293164859429526,-0.1271251830256456,0.07112758785746816,-0.08978558167952905,0.1541170617570838,0.010184086861501114,0.03492983401806578,0.0823554321105574,0.03533154036101376,-0.0717868379904475,0.1487351785394718,-0.06021642979575357,0.03175391928121938,-0.08196667858338438,0.09841909738114835,-0.017079899936368527,-0.025170415752547196,0.2272388179689174,-0.04884330987201631,0.21215249714735998,-0.015870103435412924,0.0225847616287479,-0.00827934395901026,0.09146927790898525,-0.0654293897731969,-0.06659414240440648,-0.027625046983801662
I don’t allow my impulses to govern my behavior.,-0.023464661517141373,0.1380038818912729,0.15348433506689874,0.08415143175632937,-0.10982834095797119,-0.002314041899336721,0.06792847716727225,-0.018964460021452564,0.0769877238687864,-0.15585901769011237,-0.057527681717074015,-0.018812257173801406,-0.05582855141370007,0.12480572298697841,0.02756277841450536,0.060426317953478706,0.02089555803095804,-0.09964945370059787,-0.0028695696859260367,-0.04071816032629025,-0.009285214759740314,0.08684271449281825,0.0914550768745787,0.019163878761417844,0.06960505749588734,-0.15713767597200248,-0.07020535655356239,0.01714688998714817,0.13247100252204397,0.10489903345229284,0.1626270987410835,-0.0355765554988883,0.1530618950290138,0.07497151667916599,-0.17463162067591023
I don’t mind doing jobs that involve dangerous work.,-0.07150636398200562,0.17588281195803662,0.03849868537966323,0.1180542391797429,0.19721136192090022,-0.06636526620545842,-0.07709654722259238,0.014516018216274669,-0.22038992213098704,-0.08895618997977633,-0.24057396050199784,-0.026593943015340852,-0.18336482062501844,-0.026850204664613953,0.06439717496151222,0.010041885331611395,-0.10506833011748005,-0.07472710203475337,-0.18817292638564817,0.3342853977381135,-0.13451491773847463,-0.05490651857426643,0.18112170921421186,-0.08332155235939896,-0.0040883620110687925,0.1378582061280517,-0.0775874608955525,-0.15212991171467224,-0.11731956273734209,0.0881016189516741,0.08397081505904004,0.07825167082613473,0.04804192539930774,-0.012812655450758569,-0.023824229165074148
I enjoy having lots of people around to talk with.,-0.009841240250199793,0.1242760984188264,-0.1034062199684923,0.05305933698383274,-0.07199762986119072,-0.1852612279111767,-0.022236499824149266,-0.04441623869585511,-0.04762280873584638,-0.04943969623956589,-0.005479900638984054,0.08392608483402358,-0.03555797887865223,0.015673477836521958,-0.03391919763768259,0.02355764267264661,-0.07961075638778241,-0.18159377610813268,0.07721768345353974,-0.00680400326843796,-0.03616950047448239,0.015951178506228753,-0.01706713655566627,-0.0081122071223358,0.005109193676880576,0.09614204990219792,0.09710158426961914,-0.017992454306400205,0.07561837141277963,0.010221960842529612,0.05409000373538664,-0.07304255526660981,-0.0008645957630962139,-0.048885498619594556,0.33981339989679343
I enjoy looking at maps of different places.,0.04645465198576206,0.06239897874077049,-0.1744209487456818,0.009578102073699322,0.05746923471788054,0.04688196510021654,0.05839486574807006,0.056566688601940016,0.27116276476240625,0.12191003576325303,-0.23510555095868216,0.002152742351772299,0.08402704324722739,0.017118706303289564,0.011508347698657544,-0.035753191581916206,0.053503636337357253,-0.10558901546474724,0.15564407975766412,0.10713653381521594,0.07401299531254339,0.013481755967068982,0.07199262446371477,-0.06496714981942962,0.01576388562457609,0.03834832070954009,-0.07518520846579765,0.030025157356053895,-0.16615595436657485,-0.05103238859220114,0.10652162100626338,0.05850226107226198,-0.13955784509920957,-0.019949916089549144,0.11508289873889194
I feel like crying when I see other people crying.,0.1429458532789703,0.08201047692071267,-0.17598438266839303,0.08135841808080849,0.06776178440352187,0.02571112513174224,0.05377925112367998,0.1035782696872121,-0.010741632041309224,0.06325405040555505,0.03346777248525132,0.04705907439402997,-0.03360454532597129,0.023237889440576084,0.07812860068342142,0.10136966468972226,-0.07210470842193457,0.11814701827410404,0.09379017508631886,-0.054395821738819176,0.2260816831405882,-0.013934291534473087,0.09162175898818975,-0.058045960342086735,0.34192153987529017,0.00583779577525383,0.01073701769636102,-0.060373690661591095,-0.09928275078835296,-0.0567251965553206,0.030936966171667354,0.11951588727857286,-0.016997422913642795,0.10397705141965748,-0.17055117965854108
I feel reasonably satisfied with myself overall.,0.02213505699389017,0.07321891699741695,-0.060998384418736736,0.03826935347017557,-0.04532438155252005,0.03255641952067601,-0.10516767720384708,-0.10133483920187125,-0.0453043380598668,0.036431140572105676,0.05644647036106769,-0.012976500509242815,-0.0575284162964577,-0.010444964132597486,-0.042376659813458534,0.06430291268348391,-0.04035378595279056,-0.018782593754185294,0.008596848848969862,-0.05730808384287021,0.025945169823548803,0.0987900912163769,0.05034503951515116,-0.02194099209269576,-0.10431800212382802,0.14793385738661866,0.07067324971989716,0.0643199909793236,0.1336121281923746,0.08152485191694907,-0.03657744662668992,0.0822222134226937,0.1423268919720153,-0.0361680257242208,-0.012987132460191385
I feel strong emotions when someone close to me is going away for a long time.,0.20015983138032586,0.04681283612554932,-0.04885431444755893,0.12983836962172024,-0.007029337015950361,-0.009056172872829078,-0.12911686750642926,0.011212475603321743,-0.0919581745909201,-0.0683255741080269,0.023114754728221883,-0.050549627628969675,0.06921002477010901,-0.07254402933940551,-0.048442974248527185,-0.15074341113630568,0.04438236783054277,0.09595547977631676,-0.16412509105392484,-0.010814715215911147,0.2142477355571204,0.1667872458100325,-0.08025341378740922,-0.05078692560490034,0.16624350768751164,-0.033297575023535614,0.09052670764105512,-0.01915352929271075,0.07295760245746397,0.04858856821444852,0.002780290287749629,0.09760952330348789,-0.050715194112212016,0.08241702144864921,-0.06240299153148623
I feel that I am an unpopular person.,0.12382002793378435,0.09095040825960077,0.027617501694698385,-0.000505637591199184,-0.16161549779859577,0.13036168896203632,0.03388712350093501,0.025039775745240533,0.11206825078026958,0.12204146587045865,0.12264439099144288,0.012745371101251946,0.0483422654584828,0.16732367639053133,0.07336894850267078,0.16983459947269508,0.07748982207254225,-0.07147844733533383,-0.051996095271282954,0.13371435905717913,-0.08074062481717104,-0.17621327271295834,0.011577417183197717,-0.0008683259287270212,-0.13665403365737513,0.005492709565575903,0.015182039487022608,-0.13748800343079212,-0.11548666933697144,0.17058608336869896,0.0462469337319806,-0.04832393051422214,0.12341792058411645,0.14849454221407912,-0.0065257263036364605
I find it boring to discuss philosophy.,0.13095129198928832,-0.05695967433148093,0.19435329121003997,-0.15873354435214765,-0.01710852000559205,-0.010745745282019692,0.015024924534426396,0.028867825223652728,0.009295283970831228,-0.09662352952278892,0.06623933532032011,0.03518692838457656,0.15807998749449123,0.14496436593797232,0.13089723006321027,0.04559886568025711,0.2074789348466812,-0.06273210151378279,-0.026368330725385334,0.15444407880539687,0.1384921750350661,0.003452632808372031,-0.07879923933884955,-0.00280486717233952,0.0022881293474806418,-0.020435318815856626,-0.023335720398362115,-0.03426518693113715,-0.041695317801367704,0.014176838616522166,-0.05785349653880608,-0.11475348131914724,-0.10437962291836443,-0.05575821264811635,0.14272295104329102
I find it hard to compromise with people when I really think I’m right.,0.14957022901150463,0.06490102089901058,0.125614011042616,-0.04520166961170048,-0.09137376625150335,-0.09402616366180824,0.004743170654876154,0.2669875935113691,-0.008513586563496663,-0.0730982690583049,-0.10803641026056025,0.14409793181066005,-0.256325170061347,0.06345681012210214,-0.09485247560061888,0.08507502976659781,-0.12454560085629875,-0.16463610032716278,-0.0879046781211105,-0.18598624770422995,0.17846240669833058,-0.023712134552265292,0.14074916325162276,0.12366787591919617,-0.19590735897812878,-0.04833539607322571,0.06153056732767394,0.002488823872081592,-0.12930509310596597,0.10947387483073474,-0.11777653631182512,0.0415407609619087,-0.037464059229739374,0.03766449305288307,0.16114655862511335
I find it hard to fully forgive someone who has done something mean to me.,0.10616307734325349,0.02785457271093044,-0.026436504005309492,0.11773330403924141,-0.10435578141009703,-0.012771330669078214,0.1605254743323873,0.33071282841640504,-0.012834812054773497,0.10516281059583117,-0.16737863856786808,-0.04160517751766277,0.01811297624379455,0.022683868847325924,0.07284690621734895,-0.12853536255131456,0.159465073523526,0.07087328910100658,-0.03664277671677201,0.033031940511026266,0.05225823864167419,-0.0836362201757928,0.1602875164569706,-0.04005454715212634,0.0049552257117058,-0.09166302275541705,0.015809145627962345,0.055072205567127254,-0.11836221428774923,-0.1405611310485788,0.12230189136674843,-0.005471183821406159,-0.022571298118300154,0.10935894596836335,0.10145881010789196
I find it hard to keep my temper when people insult me.,0.17328992490582804,0.027915333813507137,-0.03059167848262974,-0.06043863160044689,-0.05522992230031688,-0.04588506284158297,-0.011544417994254477,-0.1559134956954543,0.06208552340677173,-0.08012455989179808,0.01859743658414866,0.039634185910618146,0.06534241075894731,-0.15392656709920208,-0.031403200000665855,-0.02265681485725215,-0.003508817604907658,-0.013077861953804271,-0.012053922991625464,-0.00787570738394707,-0.0026310881193495556,-0.05666707329211084,0.13273301013297176,-0.08750920709364605,0.05749537736870965,0.09731967082003587,-0.09299442583237891,-0.07937489958556503,0.02355134167361737,-0.056118870050291654,0.03461002726469926,0.14716289121570963,0.028839199587797303,-0.01173757676925483,-0.09849787652365256
I generally accept people’s faults without complaining about them.,-0.06445138473745954,0.12987763733779423,-0.03557106031099744,0.04727955727261167,-0.035621745242083655,-0.010664767182744804,0.01387791880239602,0.07660128189621387,-0.04563956195070297,-0.06520984906244556,-0.017172202824358492,-0.05970829941525863,0.11340958868370318,-0.1305959773973394,-0.0010190158741796213,-0.0229641857411733,0.08210486638651919,0.05644463996460111,-0.017363920908801858,-0.056969320528157064,0.07968120909374758,-0.04859505929234627,-0.04457962995656329,-0.017889283617633506,-0.03304251956031356,-0.02931730514855805,-0.04868741332106093,0.0017029367426157405,0.054955844930184815,0.02778855131901606,-0.0670008731172925,0.056283466689159484,0.048955416770538114,0.08048209947646635,0.10303764357234699
I get very anxious when waiting to hear about an important decision.,0.17492321062900884,0.08308400325054156,-0.04004765281321485,0.029802458754818895,0.00803725671345171,0.07236537287774371,-0.0017345885804775283,-0.03152350871155033,0.009521379124103368,-0.00827151640567173,0.07737859551730532,-0.16766841930785015,-0.04125287965458631,-0.09595352287548481,0.13627343326355623,0.0678785936813134,-0.040955777182893664,-0.03397808003769945,-0.11638501780816454,-0.014291788054920969,-0.04633386180275128,0.09784096762291343,-0.025604003502744572,-0.0514687787202388,-0.07086496337782078,-0.07635140445584537,-0.056729487856032455,0.18752746934302397,-0.06536225799571982,0.07135280642373043,-0.14774343826126163,-0.24457418325658087,-0.10304196252821943,0.058479949623660106,0.018746032848570723
I have sympathy for people who are less fortunate than I am.,0.03618980483402155,0.1223837531274572,-0.11648045446759728,0.07716407619577878,-0.054966098182608815,0.03916156194350881,-0.15640202090974345,-0.025827564555746484,0.07694324558737692,0.04122955764810016,-0.06664256709294927,-0.044551612785816694,0.10322528775166419,0.06853420527009854,0.007723245979346723,-0.021093314658147694,-0.10694457421027946,-0.02897035794725428,0.057117194011290326,0.032048165929565525,0.07566481979836592,-0.007881947680193338,0.047168914699858046,0.045937699075281314,0.005052742992919106,-0.07477201261621723,0.049090376372220704,0.0643732148630641,-0.07104359242924763,0.1723286294264026,-0.12824712288560097,0.12102715352201945,0.019886171584272288,-0.05252374805422084,0.04626648972744253
I like people who have unconventional views.,-0.0232518393457355,0.040299040428997485,-0.06832703034636121,0.1175319632753667,0.07322693609340256,-0.04140104288877726,0.08231240713530115,0.06734148458304715,0.013949927887888756,0.0016791673097002696,0.006157632809329909,-0.06460316416219032,0.06592894819643712,-0.024306673661958392,-0.009615242975108358,0.04780456266343523,-0.02590335096986172,-0.01720237567160837,0.0090370119768315,0.043601402465738896,-0.006334261735257409,-0.048105371363972464,0.1199839828254822,0.08464298568148831,-0.03975903043529757,-0.0383306475065796,0.10026226721150201,0.052475194394924936,0.10762362758739351,0.10245696135793737,-0.06072329164446174,-0.007913256014751801,-0.020973513412965678,0.03409506821659367,0.05277902128880868
I make a lot of mistakes because I don't think before I act.,0.008592089168326244,0.06127791483654917,0.0236951476168678,0.15263990025497637,0.04499875340843527,-0.016616248080597182,-0.13040603208143642,-0.13164933210887278,-0.17260143489431143,0.005208490252550467,-0.08569854754294445,0.10257949372116063,0.13007829815792024,0.11764157107557856,-0.03906735647640797,0.12775546387576106,0.15480256162581382,0.050304581265149154,0.11055785277543155,-0.02881671175515747,-0.07597692561902084,-0.008288227743792839,0.11752160083926332,-0.007047004951664889,0.08123596710073873,-0.08082925840861374,-0.1361403534996942,0.20285017739131553,-0.022722859362395816,-0.006745760401793214,-4.5215248667696704e-05,0.006802094701802977,-0.15559683972901894,0.042012462958026055,0.17279955911336292
I make decisions based on the feeling of the moment rather than on careful thought.,0.15218695714043703,0.07069785934067734,-0.000724693247358792,0.0018465261094677222,-0.009739202416175303,-0.04363868937803262,-0.10377377859273886,-0.045248293202932124,-0.02653700841507404,-0.10188614492729527,0.13954979615480897,0.08768926469557964,-0.0430252350408664,-0.12965395970137314,-0.02256965049814056,0.1835362379465988,0.011451097393831109,-0.11173859653955252,0.22726671969581322,0.03259332015446912,0.10819085483714667,0.012418532014772629,0.16981402338139953,0.07622441261586507,-0.004032387146102942,-0.02713416723950043,-0.0408689479790376,-0.20511681951917385,-0.018788001114071612,-0.07239343785297268,-0.07859257160926457,-0.12198406109847668,0.024845560399538582,0.05726827466286417,-0.02245780102245809
I often check my work over repeatedly to find any mistakes.,0.10314614387697554,-0.03922146666659838,0.026740335475927055,0.16525558513215013,0.005718415364922433,0.28629869535714614,0.02204391848219646,-0.027805614283893765,0.0451829546749839,-0.05551715428369013,-0.021662860180416143,-0.2396339273389775,-0.1054702055518582,-0.0755860909451957,0.09853013522226249,-0.07179386256726739,0.014842794493304183,-0.17505127934096038,-0.044627752766859284,-0.21490164643975201,-0.04543408451192838,0.06530493744060133,0.009243226370788766,-0.11627720248240556,-0.21822077477757215,0.14033577127636898,0.12293437160586734,-0.030953849455226414,-0.022224767347177904,-0.1506534086839013,0.002654690347977339,-0.0758206548116944,-0.007256895366528099,-0.06283542907005016,0.02743654287484667
I often push myself very hard when trying to achieve a goal.,0.029693414548815588,0.04367941828591453,0.016601048008822113,-0.10158309823545908,0.0609725150369378,0.10382779663234006,0.03144251389436597,-0.017688956864115594,-0.13821162290102523,-0.010383977790522107,-0.08090587298176884,-0.004855766814394277,-0.015022367133517785,0.06279468137282326,0.07036191559873685,-0.1216312880450082,0.0006261883332668235,-0.05228356458226133,-0.14319527160897375,0.034127651070975235,0.06169434957453942,0.0030700759374792178,-0.17596088818116654,0.10143783877597788,0.09999396685749154,-0.12158048792045813,0.324924158274132,-0.0728784067247959,-0.05792159863422584,-0.08996050283336322,-0.14918360720949495,-0.05008071894898827,0.10135958669464287,0.03163929320561202,-0.10342149012803765
"I plan ahead and organize things, to avoid scrambling at the last minute.",0.08086786860938117,0.04288522435713426,0.017990271644140708,0.06934974350679712,0.13217038200847614,0.053897301433224576,-0.09596890859347135,0.00030417194807124466,0.2180396004305758,-0.13824525078705058,-0.0856422659814564,0.11964426843238528,-0.17577490289848433,-0.1005584939349793,-0.22706141392979357,0.08531260566979465,0.30038902267435674,0.22872395479518984,-0.17313830883492629,0.12466054909741937,0.053433742236831804,-0.05667453412133788,-0.17451368682435536,0.16405876465381236,-0.03919569433085802,0.1147558343562481,-0.05709183724155329,0.059981385994859276,-0.035158046850205744,-0.019503041759580595,0.03971345449930108,-0.12072371307027696,-0.11383977857707324,0.08458049363103486,0.11180810992623415
I prefer jobs that involve active social interaction to those that involve working alone.,-0.06409042797235637,0.21865457869692415,-0.05613447740270357,-0.0028381447474738193,-0.10377148749164423,-0.02711924123857983,0.16360121377841907,-0.00620184083499848,0.0024757830418118054,-0.07986391188596352,-0.18333430912328272,0.01994023178956831,0.0826663118096406,-0.03708454721257703,-0.011447272799221255,0.09467705062391349,-0.04314868160968533,0.019817798240737303,0.09947354928572616,0.15569186031434473,0.040633295538540705,-0.03506715898719786,-0.13120718801940084,0.20217804638768375,-0.10354873821505126,-0.13455230285108052,-0.037038174849437694,0.20583491674750917,-0.041902924489124756,0.1484562643735309,0.10273484090031089,-0.28386163806497994,0.05479023697218461,-0.1349963797389655,-0.2245960876203929
"I prefer to do whatever comes to mind, rather than stick to a plan.",0.13936272325716256,0.0099237310930903,0.17108711568666551,0.106551246667735,0.056806983942303255,-0.12305043784271706,-0.0802290317853632,0.18041183057003218,0.007641200490520088,-0.2695276918056771,0.16951285634855268,0.005855279053305523,0.05831611737890447,0.1553607340733197,-0.1910696921947122,-0.007515595212722507,0.0032937511120197465,0.1036885426210031,0.14840283745182717,0.05903666582074565,-0.1551561286359301,0.02300481385480022,-0.00864050683983756,-0.14031459088411255,0.005056880581668717,-0.17568320232665774,-0.06776446905513463,-0.01327651650122879,-0.013461258962368371,0.012837850060967071,0.062068491683596655,0.0697629194341357,-0.1672071845469771,-0.009682434639498819,-0.019250051831861507
I rarely discuss my problems with other people.,-0.15439631534782622,0.18535126774561994,0.12473257396616036,0.12972854237629997,0.07115618348470648,-0.057394562484993236,0.0635028371490557,0.12989759543112325,-0.09571780648362697,0.0742404702382239,0.14217377975719997,0.18336729905793833,0.03475175983030622,0.019385668028869187,-0.040409189696713324,-0.059115636936365096,0.08990427487216732,-0.12862673836020969,-0.02002505916434701,-0.11431955001535381,-0.20576843132746783,0.17117242118619658,-0.004683369842886621,-0.03786679518588735,-0.14873339168892113,-0.12348054339064941,-0.14534127073630787,-0.031273860768260525,-0.06523839514681838,-0.21733579066591535,-0.10726535157357957,0.088868095505016,-0.11772172717417646,0.11749874285723375,-0.04815954088427894
I rarely express my opinions in group meetings.,-0.07192868113629337,0.08345948029916275,0.16783391086313051,0.18962705710759117,-0.12945509172033373,-0.10294270094941492,0.11730771553877632,-0.014210270346960478,0.19501137521711337,0.26252603461724006,0.04867512297238794,-0.05402703004583694,0.40714562597587833,-0.08562936345296054,0.06337841858392385,0.0635443655329889,-0.13621289234605546,-0.09267708162654667,-0.1686417972595004,-0.05242624215198173,-0.09825250048560083,0.21440207610497553,-0.043796425365502635,0.11625079891609776,0.08172104743738834,0.021346609687767207,-0.038627284445171856,-0.12235868866249748,-0.021815038128678986,0.01603700755079754,0.028836304635086078,-0.04760402279188532,-0.007162017434716236,-0.06748895400960282,0.06915839500325903
"I rarely feel anger, even when people treat me quite badly.",-0.09793411928990553,0.15142449312861742,0.04772219539681537,-0.22188024615353438,0.12850260767539437,0.06492574251034013,0.025700112808022178,-0.15285854711360336,0.18375942914077678,-0.07525163786111853,0.06729044726717118,-0.11607711725714384,-0.026746090455835852,0.2746022723687937,0.07618236876299786,0.010404884621489467,-0.13112079654041145,0.18281566339704672,0.04062744825219987,0.06709548883169743,-0.03675743588090158,0.10155843456652179,0.10941762168814596,0.030505366878784187,-0.04174671553195293,0.03983948802233992,0.04863540277218033,-0.013199998820990986,0.14161283372222225,0.006066637949034939,-0.08593788853761282,0.034699015021203525,0.002534650711289236,0.02039828027173447,0.2250410428650647
"I rarely hold a grudge, even against people who have badly wronged me.",-0.07348947824376986,0.19582316310627912,0.03995923424642108,-0.08294698083735377,0.05409892961595988,0.12901111992879533,0.0021841798753024426,0.01781490356930969,-0.11479634395442828,-0.0700844544574579,0.08862138962637399,-0.028604401821115278,0.05227993225539038,-0.07434991983003793,-0.04114249590041643,-0.11196601432513871,0.05578479158288607,-0.10244176818368302,0.04199394882049769,0.13747948717891217,-0.013149362185898567,0.12952339147142486,-0.033819216617593933,0.08230168115248297,-0.1345849284510358,0.14931297340014565,-0.10688223346434177,-0.09066239222092826,-0.01163174270401351,0.044560025892572186,0.1820782560392977,-0.014756685130805249,0.0010398161232398155,-0.11772307107468534,-0.1245863349975519
"I rarely, if ever, have trouble sleeping due to stress or anxiety.",-0.0928474777441247,0.11561738896173407,-0.02136065540625481,-0.18681968034087632,-0.0574538519693515,0.004092768297878645,-0.16007474532253899,-0.006064897181775405,-0.15814921009598426,-0.042412335909073354,-0.1626017131307306,-0.032822517957230554,-0.041631143879709655,0.17072732526974727,0.13134721952662196,0.04645838792918855,-0.16114488980621275,-0.034799776753513284,0.09496120552468176,-0.10555464823203858,0.04632160618069003,0.17484749709438904,-0.22433186732539218,0.011126336632588567,-0.10013206389346281,-0.10913568092273661,-0.14916096946188245,0.03563766075184773,-0.0223419504952244,-0.0818642677309274,0.03827968271185743,0.07635559971017555,-0.2569852730411374,0.05826592949147907,-0.05693128388411299
I remain unemotional even in situations where most people get very sentimental.,-0.15267069654231122,0.056512414026788686,0.1069764002081651,-0.17055534254952645,0.12129941236773191,0.05518728706072818,0.0022437732133055582,0.03381549140824416,0.13960468769751178,0.07474399472445137,-0.0477918746130225,-0.01637769385791275,-0.10688239532050693,0.031663373023932614,-0.10467392230593839,0.23201115657487,0.00588496923686393,0.1075794597884966,-0.1326182123681746,-0.21986989641102211,-0.021763865883800464,0.07484560904954668,0.24082933608692156,-0.03560371678711584,-0.04045011757487288,-0.028400314115291623,-0.09163372486030948,-0.006867178073733213,0.02340730703724933,-0.0192128401889464,0.034025685134217165,-0.07326320620819489,-0.03176406882777887,-0.13959920556700264,-0.08989578202768919
I sometimes can't help worrying about little things.,0.08993208236921744,0.12651024183002793,-0.1774228734262679,0.0644142080893768,0.03145559996054364,-0.05593058064067001,0.017865910545642016,-0.09556546340943498,-0.2522167786549645,0.14312751537283838,-0.09602628658038946,0.009476836100223386,-0.09448135979128153,-0.00585842930219438,-0.06972156757782083,0.01863935344218136,0.22878735189701904,0.1790448376823057,0.2569745150127749,-0.12968556119160538,-0.11206385287363427,0.1290283587937904,0.04549114117913787,0.1508314163626919,-0.010441629800613717,-0.10409857427898227,0.03691939393622988,-0.019062473946256438,-0.10482608319231088,-0.11429982390576048,0.0685081941134155,-0.06004012983187192,0.12072928671510157,-0.05386424368080675,-0.020368281289367438
I sometimes feel that I am a worthless person.,0.09719714568039181,0.05898243481617389,0.11375315335371629,-0.07601471599088688,-0.042728795459235545,0.0031260329210506524,-0.0063936592191539115,-0.259985004075687,-0.20266946604746086,0.03747547330638933,0.009491669562070244,-0.05913320771096736,0.05839023725730191,0.06661004319792461,-0.02831198976245118,-0.1263743190536289,0.24361384955085394,-0.11898881495260005,-0.014028044935345105,-0.16149410948870652,0.03796667131618869,0.023682203354682723,0.05932141200472977,-0.032290940212780284,0.017487692616235766,0.18622114458691977,-0.09408097794833137,0.001714751602401576,-0.05213671336780692,0.19597625503461397,-0.042584536131698277,0.0018090665484368016,-0.08428493542525839,0.09578324918922541,-0.10182049141692949
I tend to be lenient in judging other people.,-0.03458703755562836,0.04863485194450562,-0.10142425271526331,0.08299391547903874,-0.05638521319374951,-0.095009825254731,0.026816302971591464,0.025717037444471333,0.1375605817409252,0.009741553126677792,0.027161502185300303,0.07174488446142645,-0.08966027350243035,-0.06389386174377512,0.007825987302074256,0.052126249508365564,0.016337634495569697,0.011725651098740106,-0.04358341630857425,0.004977461647923666,0.010925979884274326,-0.0702244838613563,0.04514787583803148,-0.02361818752649317,-0.07372829290026642,-0.1016003909721333,0.09373115688399429,-0.15299388822359486,0.009883880093973106,0.13608917559226041,0.07094684235409278,0.002228110771375087,-0.1100320722161242,-0.06251947584712884,-0.10831026072169676
I tend to feel quite self-conscious when speaking in front of a group of people.,0.14665389773540746,-0.003641769508154308,-0.0398268308317746,0.047940775338524054,-0.11907979279148667,0.030580244684583553,0.044859116162414094,-0.1397667446177786,0.06206529023567361,0.01532566621172136,0.13379204850576745,0.050033531176768814,0.05511176671283904,-0.03821672620590555,-0.013729503211538888,-0.05651350991709258,0.0922367636201577,0.06923891893178562,-0.1400694235820763,0.023823933774176635,-0.03492694364165648,-0.06444056341352446,0.1291557178396668,0.0015541948096279765,0.04891320346847721,-0.04948212393156499,-0.023385909258139315,0.08830344297641758,0.17396363248492916,-0.16115539094255477,0.12034405016516025,0.1255220994218021,0.022055538954031385,-0.008602169380854868,-0.11116329101369296
I think of myself as a somewhat eccentric person.,0.06637856900307385,0.08624430238914733,-0.047383878062042716,-0.05820135470917201,-0.0446658866838155,0.11414685225691444,0.011303819025679089,-0.013596996690198777,-0.05178567149539756,0.18556850308945783,0.060977560099168715,0.021121191786940573,-0.06184078507760317,0.18427887483929078,-0.07842207879866954,0.08749329832140394,0.02109308074888618,0.008829723167966907,-0.10817801779532096,-0.02175678161106532,-0.009710477254538004,-0.14876445623604798,-0.019720529233974646,-0.01727984120190942,-3.900062400241571e-05,0.05255888151072251,0.16499797890258475,-0.07088345391156209,0.1267152237768055,0.1014956931391113,0.113326267304676,-0.011870053838887564,0.06762485130988684,0.20285359833998742,-0.14209461316385574
I think that I am entitled to more respect than the average person is.,0.12040276935440453,0.035522944603304095,0.12883682097310833,-0.14930938246660522,0.001626551284437642,-0.010871277989933025,0.0541063719306924,-0.09773938238719332,-0.07713747137521171,-0.1488105496080662,-0.04591938029978356,0.023651548405063377,0.06365315878724166,0.0012330809054091655,0.057037701039459626,-0.07919756326494047,-0.028163756649168644,-0.035849070731862324,-0.08063584604300846,0.05684604491062849,0.009747173834577879,0.024345658939729065,0.04536705793268899,-0.07590802624604144,-0.031186522579237735,-0.06041306163538135,-0.14892265542607033,-0.0438321241481211,-0.1761556303546733,0.17270708861942505,-0.10930501464163038,-0.020672185732100737,0.11002719939530141,-0.002488921835182543,-0.14332894011825256
I think that most people like some aspects of my personality.,-0.001632581991903146,0.10486459037779236,-0.050569151248732416,-0.051111213526837014,-0.05769024228329714,-0.06740609236297397,-0.0500672173951141,-0.10022691314109426,0.06624521006333518,0.07324448458199284,0.0969612282670463,-0.036681111502750434,-0.008455564369658726,0.013678432825440451,-0.0854278694728075,-0.06217287207239034,0.0025513992091426643,-0.07412108919747362,0.08909814175094201,0.0009350004732970813,0.10897168388277217,-0.11615911347126992,0.0842603294759025,-0.033343568903458486,-0.02800670185187906,-0.019443276121666526,0.008664686047128275,-0.01815997655268994,-0.2382900281895793,-0.02611151991293592,0.06227568005693858,0.04289652835840965,-0.06381563753483635,-0.0668381271423247,0.013760241064780946
I think that paying attention to radical ideas is a waste of time.,0.04501043064800056,0.0011714597373441973,0.02669513697379853,-0.050890658273770276,0.03859169629528461,-0.09623788321370474,0.1558181728057623,0.05258089966752386,-0.10172858269598992,0.05060340145175743,0.027600566189756284,-0.08672136528848556,0.0032581924573333253,0.10568837700011853,-0.022256956677697167,0.237593409903855,-0.06180320984221066,-0.030707941730536332,0.016196340774593778,-0.04343948215171342,-0.01541615040424147,-0.08458369634321045,-0.04556633627313629,-0.10099837126182466,-0.08045761096800096,0.09390303326406645,0.05791781332317674,0.05885496956164399,0.02873505999693433,-0.04159774440130305,0.09986722629943419,-0.02494560072552905,0.08096073957068993,0.08836900060055326,0.004935403483719989
I try to give generously to those in need.,-0.011316194119559694,0.20234387019084177,-0.008228054562934718,-0.11737562640936271,-0.09258904464310458,-0.0037494798299446464,0.03249252531095947,-0.03821901738604088,0.05017182328217143,0.04281597371292879,0.03924123038582833,0.06642478045079232,-0.02747771094179685,0.05627213544367287,0.2101988269006887,-0.19283638330326688,0.0729802690295537,0.03166375437655962,0.051131660563535124,-0.1084313378910959,0.06191971923618719,-0.044454341797284504,-0.053024293871256005,-0.18499665054808292,-0.11359470880242031,-0.06003278159575274,-0.05096436322276712,-0.0199035536683645,0.053819628392850205,0.0648595888163949,0.029943194211966714,0.04469801362942828,0.07943496557595192,0.02781914746081964,0.07916847041793573
I want people to know that I am an important person of high status.,0.0708914054864196,0.0028448004976839355,-0.004511593895829722,-0.08578372882371292,0.2080189463937447,-0.058132901429095704,-0.0317917146866684,0.06335418146868602,0.022931470535231396,0.13013976002391253,0.02635329783151121,0.18488725956459398,0.08932324538129319,0.024287777424425335,0.09090597257031077,-0.028140859609650955,0.06481096363825979,-0.18376163415644614,-0.00945767735417077,0.05326351284574187,-0.0839741547258914,-0.03678927359135203,-0.04866683623179827,-0.10452930171777952,-0.049023885062212405,-0.12820475064986347,0.12430884893911122,0.18222189370356393,0.033613975172671624,-0.02922872911970962,-0.14712503350004152,0.052072829414231775,-0.02513627933086955,0.09026178371649861,-0.13952018491478876
I worry a lot less than most people do.,-0.1416330516941314,0.1525683937349337,0.06951910139509866,-0.1576682616946856,-0.1106166879653858,-0.015083558509654685,-0.065726053484061,0.0007926739521488101,-0.03980325680333544,0.15290764427539838,0.020612111394133402,0.2369136887366883,-0.08398486226663895,-0.13161417916510493,0.09068604919515838,0.13094121083698299,-0.043026289230939985,0.15876923473908097,-0.13389589878553862,-0.12303699805741493,-0.11225170355618862,-0.07962213738565604,-0.004566353324357006,-0.10032624310251746,0.08354411742426732,0.16488518547845255,-0.09122629132735464,0.10763447399721915,-0.15101489916504507,-0.04212722757094728,-0.09480937959473122,-0.12752321585121001,0.1299987174845317,-0.06799931170141646,0.07270630083459143
I would be quite bored by a visit to an art gallery.,0.1484646706415778,0.0031155666798293262,0.15101615769047091,0.16697748443833832,0.019703902838008026,0.08713179236866693,-0.12728256887645997,0.0593792429202085,0.07234730410823262,-0.049865778991645855,0.0007542554687667323,0.015374679553347814,0.04519909366314251,0.11315991406793789,-0.08147109579108641,0.04591580113066816,-0.16913874026837386,-0.08086318137410856,-0.03351880549733459,0.1072084653161025,-0.014316852333270909,-0.13503025806385152,-0.19335857488144587,-0.09481938858366355,-0.06531220333504639,0.012923854573423493,0.017334180536449,-0.0904459790966582,0.037515814114090336,-0.21151699179230313,0.005296313606962871,-0.10647194622094418,-0.05892754595508087,-0.10461490223056129,-0.12193613371510818
I would be tempted to buy stolen property if I were financially tight.,0.0815737311527076,0.007455517076386873,0.015068503796415203,-0.08170499708452611,0.026867990533784976,-0.09990949853989242,-0.03342476791508282,-0.0024357864287757147,0.14231808450246378,-0.014366773079544556,0.009283086729901222,-0.06813477568043028,-0.052391404257668896,-0.030004328327787468,0.10332061309821465,-0.02949575438220058,-0.008979977500798592,-0.09401251594347565,0.1075997736337011,0.0156100598472481,-0.10556737029980871,-0.009614623209627532,-0.026204453062933702,0.05326203677320498,0.12559718496494124,-0.05006583695263699,-0.056121578757014685,0.07959430976483968,-0.04212743835837873,-0.054168353462933604,0.16194576221337012,-0.15356967874651445,0.09869816555718083,0.070450665445294,-0.04580918242955901
I would be very bored by a book about the history of science and technology.,0.11782321357162986,-0.049249708729884926,0.1580577256646997,-0.05267099193389478,-0.015106538493266099,-0.11474079795625329,0.05480999787030609,0.04553390190486405,0.0027613521467368648,-0.037056224770418096,-0.019254059390482414,0.154076402433386,0.08546838823598733,0.043365052855002875,0.11053563314166233,-0.008829112083809936,0.06134997848659722,0.034319215311819785,-0.004872318539625672,0.017022925027017684,-0.03810384470607519,0.006164767056168246,-0.08189253113998504,-0.1308186154193132,-0.016903187879716727,0.10847450548083959,0.039715198077246223,0.2516567659598114,-0.07075314345911957,-0.13703659250068692,-0.007974558217594015,-0.017261742769773637,0.1895530635589733,-0.09346851489859671,-0.06405223226271994
"I would enjoy creating a work of art, such as a novel, a song, or a painting.",0.028008312363116655,0.1084699115288294,-0.07308216509022307,0.00920900829693106,0.10534368647591193,0.018018497912504733,0.0036216142793148633,-0.06360734819258507,0.03306274288669873,-0.09830710033936116,0.014583368728532086,-0.025317696997028176,0.03170609096995231,0.07648885515350155,0.07131207902628975,-0.07014800328478091,-0.03163598760229287,0.037047101950920674,0.04585618991395901,-0.1353876968226736,-0.10529328173004314,-0.006318664173731672,0.03940754730510689,-0.08660021269166111,0.15074101726826433,-0.07214345277893389,0.04917661143099504,0.021679794150796725,0.1206803269415139,-0.023778809768154913,-0.005646723933997673,0.09213059026458957,0.20941695580043648,-0.12727459615962278,0.18564749727293892
I would feel afraid if I had to travel in bad weather conditions.,0.08373076714664282,-0.013452065675637608,0.042597807694334806,-0.012554250117078227,-0.007095882993473182,0.0696785461433451,0.3492913265132353,0.07501646179958246,-0.025053023366320475,-0.005310726550488711,0.0917926818616907,-0.06217810131960289,-0.015976104475344286,0.029800718446626576,0.0295181494683048,0.010271856635242578,0.13216773147269592,0.04527325285947835,0.0658333635847353,-0.11710889606113294,-0.14813321745793182,-0.027676427310553784,0.08621516231169,0.16229618994616166,0.04135335560370989,0.038218029517683175,-0.08324509707493735,0.0789299833020621,0.1648825183034465,-0.09583211187289258,-0.14282304984573665,0.03565426462867401,-0.06978511082201644,-0.06484219602006791,-0.06628419857811936
I would get a lot of pleasure from owning expensive luxury goods.,0.12487580786580013,0.02439282159109876,-0.0039046495278976406,-0.08356901912160362,-0.009513758271268134,-0.1703747845412381,0.09147385543445408,0.061694222756187043,0.03873033017946659,-0.04496627356979576,-0.08780100832797548,-0.06040488872427524,-0.10192948039130958,-0.08756148727114127,0.10737635381663674,-0.13185231900125102,0.053215973544754686,-0.037981921077231445,0.05031138555835307,-0.12386933366525332,-0.15084161277812994,-0.06041091091110957,-0.07218151685396075,0.0650617227686409,0.1602450973192753,-0.12311474037370491,-0.09490456886389897,-0.17156918104159613,0.09110305592419994,0.07656362295768346,0.1342565483555652,-0.14282375239122858,-0.03438701792534805,-0.023534877622289986,0.12417902185898007
I would like a job that requires following a routine rather than being creative.,-0.03420002668589199,-0.006259128114728351,0.06622877793003838,-0.04431437658899336,0.3034746135983668,-0.05426068622966161,0.13607081752793218,-0.052461774376485866,-0.07672011498138433,-0.06222790250692392,0.07899830840142805,-0.10377054447732682,0.15093317875616596,-0.010783176669557262,0.1732502231922454,0.1028351105318096,-0.12215646952866958,0.15964112274861225,-0.03472042490763813,-0.1197218568575447,0.16038533264532123,-0.16761467296656968,-0.13213885555223537,0.11474220799684623,-0.07017009019887828,0.023197409127481177,-0.045661562134906325,-0.10965028277258665,-0.03657413618497377,0.07453332875058843,0.06431754698610516,0.046698846435352846,-0.25000410573433823,0.048419617408934794,-0.07683104832488782
I would like to be seen driving around in a very expensive car.,0.12053371672891675,0.04972152537295075,0.02208874353029356,-0.09800974131797818,-0.033821346204648654,-0.2259408704438726,0.14456250530659603,0.10838269418862728,0.010476670735795866,-0.00664713957210592,0.00833083759422238,-0.13004369912753377,0.019292739587318135,0.0044962109826757225,0.06829532739580638,0.020584984177902298,0.09964402798020397,-0.03475694064470533,0.0797631734271816,0.02859651187457181,-0.003742380791579275,0.06637101956270464,-0.090286627432808,0.008214727998775909,-0.057119899477474756,0.031767013586258996,0.039581856223007694,-0.05469383163583798,0.05134188980601655,0.08778102171528779,-0.06675817859386202,0.12325625365411798,0.044545584514965327,-0.08998478889172964,0.050494680843792716
"I would like to live in a very expensive, high-class neighborhood.",0.09557330797127876,0.17699783815762885,0.008122739347792868,-0.1335374463436985,-0.08593001747053033,-0.04825525736147501,0.13517859453359138,0.041464328217654736,-0.004391100876144836,-0.16442625383165171,-0.030942390965710557,-0.22296142515346495,-0.041957741356060355,-0.040732769820102495,-0.0006248115926661472,0.23666562150567233,0.02202823332284215,-0.07451867902234328,-0.195982813606012,0.0826428068486032,0.0010775334784237642,-0.13411037248907307,-0.09124683283897952,0.13706518764270048,0.06609570919426641,-0.06941455643223815,-0.17813656599704333,-0.025322332199271737,0.04256875862899824,-0.1971121287344204,-0.13202038751761933,0.35450476239692047,0.08552001082043316,0.07679681261018144,0.10228673982105978
"I would never accept a bribe, even if it were very large.",-0.054348560956358656,0.17448535118793135,-0.0017450818605244311,-0.11533031165435591,0.02319244192800619,0.19899506242674342,0.10290024260439953,0.002078335927180053,-0.07692613743362539,-0.058159182825192404,-0.185064825134151,-0.03442837712154458,0.10248720512269291,-0.04525246830655697,-0.09787458902469902,-0.06683815875794606,-0.03477579711725657,-0.08178264570717535,0.055877788503779925,-0.11841488845704679,-0.05111401886478616,-0.1795291799488442,-0.032760957356590764,-0.02567850634005217,-0.008274612594149064,-0.09368036313378116,-0.02440116563212867,0.02160761263941687,0.11602712369506175,-0.06688430990090373,0.08015213872659556,-0.036395760327204874,0.012385780467148902,0.2689194086785297,0.12511525801749884
I wouldn't pretend to like someone just to get that person to do favors for me.,-0.05269226015721858,0.13814510517699355,-0.06825827921419172,0.13774080358874033,-0.024520861935895238,0.03609913804648522,-0.028009241661845496,0.00478101766210583,-0.16315751987353042,-0.10081522110357083,0.01681542819643982,0.05327606328307839,0.11552892121153313,0.066519048762482,-0.15509141491591782,-0.007931248874654859,-0.07787673398188458,-0.0025768634287496157,-0.1621224176458318,-0.1332199684356642,0.10341004878905863,-0.18967349667714173,-0.12878120199109874,0.07637827463369634,0.04794880707812792,-0.1874834711236212,-0.02001230869882422,0.11814363457724765,0.15005206360259318,-0.0003107674548196923,0.09004088998190235,-0.16501532736482513,0.043425587020669044,-0.17409876159622498,0.05120168164866439
I wouldn't spend my time reading a book of poetry.,0.11647121308495512,0.028194431993129175,0.16198903753127702,-0.11848866778883199,-0.08253359096742478,0.10983510675524874,-0.03711854873171933,0.0482037940407775,0.014468262073129725,0.1555473401871929,-0.116906129931045,0.24145574693516939,-0.030406206695598792,0.07781698236483717,0.03299451850130865,0.015533229679539991,-0.006796537869513128,0.077930420076601,0.14137382588433495,0.17500931498154845,-0.10475810223407271,0.1656523869615441,-0.0007138530867215744,0.022744308139439014,-0.00907647276187014,0.013792704743794687,0.06281495419478102,-0.13040144718838545,0.25566036651775675,-0.08719555716706506,-0.009745747359371643,-0.001265936974194839,-0.20545972209553698,0.005109999383508634,0.045900039548329434
"I wouldn't use flattery to get a raise or promotion at work, even if I thought it would succeed.",-0.14618953359737458,0.16733452599650195,0.1157021957254605,0.06721152962722286,-0.1137457794295475,0.11460361442224637,0.2356743454941818,0.06284456177719125,0.0613020041837849,-0.17343983138783733,-0.13234552478625383,-0.012948265110762958,0.04123218458970268,0.21199685098536808,-0.23101827547866033,-0.09422766433036879,-0.03877275333241695,0.12370116887551863,0.043036171457563034,0.061982027432150706,0.10506345235298936,0.10795870043914614,0.07711485842694575,-0.12969128306619748,0.22887689494506866,0.10802626686476614,0.0881140814525463,0.056348545678453675,-0.05576140892739559,0.02205209590683107,-0.1787315443709582,-0.14806387107617075,0.017506927990716785,-0.07325858065870287,-0.06375411255212506
I wouldn’t want people to treat me as though I were superior to them.,-0.06979425611433945,0.1476732787070598,-0.07158899026440474,-0.06358565786970374,-0.06302844048390946,0.07784209806374631,-0.044867118500894095,0.06219146844304708,-0.021075972103422474,-0.05043621670016368,0.18699613235659748,-0.05534889620973397,-0.011333802174872768,-0.06290166506561776,-0.1073126923373982,-0.08459694928379403,-0.05280595171052335,-0.022270380887165667,0.11150882922306447,0.049030643715961574,0.0854941869959575,0.03560397210881101,-0.11956933134957415,0.11619479096612179,0.13036935176173806,0.15040654881884527,-0.10934000858133246,-0.027717752904849263,-0.20433259734877388,-0.10898475448341707,-0.12499370736319555,0.13004245892611413,0.021580662838032765,-0.14284261437237875,0.0905744965802214
I'm interested in learning about the history and politics of other countries.,0.020064992048863917,0.09813495822967774,-0.08065417731931002,0.1065283299208996,-0.02557248404507198,0.05293276088505655,-0.048969540589698504,-0.027731179099218524,0.04769208544585453,-0.08192527378645047,0.0722072143594207,-0.04547567222997656,0.07044559002933688,-0.029652094249566115,-0.08157001473279203,-0.1366525278738098,0.08129123502839057,-0.06254608152345022,-0.014748438141147934,-0.09716364903401913,-0.07939429074467444,-0.025879223651878867,0.14469737900990473,0.051587970328568544,-0.16340047145698702,-0.18577756365115697,0.0014020298486629179,-0.1635198602220412,-0.1912833006933243,0.10099888879766719,-0.12687338324103398,-0.007862348214720496,0.036380944100686693,-0.035174696633849076,-0.0016228606526165455
"If I had the opportunity, I would like to attend a classical music concert.",0.03635874149496423,0.15279085935438969,-0.1669525865966891,-0.21762895161130574,-0.0841430061840771,0.0462709218066412,0.10572388774703508,0.008425561473633629,-0.020202836562803566,0.09952695370285562,0.04814085485190479,0.04762365309618571,0.059806827964912226,-0.01772053101424231,-0.13346947330994635,0.03956206619635605,-0.0023164590369949816,-0.12005889776872695,-0.00734686995537515,0.08897968979577314,-0.12066244041611406,0.024613276340676088,-0.07979285037369754,0.047727085530944235,0.0917923310353568,0.23299543541071488,0.057851688276509834,0.08138412209110704,-0.09030894400640001,-0.07932899828582987,0.1156616340128149,0.07244120535469172,-0.06983896756526155,-0.014772868699441985,-0.029215491155839757
"If I knew that I could never get caught, I would be willing to steal a million dollars.",0.10873795533704535,0.02457028489936072,0.0370884011185229,-0.1423435873196571,-0.0326912243784559,-0.04306282293631237,-0.11613341503844701,-0.09281987468806288,0.12644265864897714,-0.036632648206833686,0.055381413682374286,-0.07348000550588021,-0.034239847233968376,-0.07600492301048949,-0.10895932723884535,-0.051743266247888865,-0.024970608361287207,-0.0943718114259575,0.09283782736243479,-0.04539657506043635,-0.0484632428615375,0.0019869690405155535,-0.015357273474847947,0.11528449918666445,0.03273637281553913,-0.026640974315129788,0.061586985045095945,-0.10104061170273605,0.08053715264813449,-0.0806997896327971,0.15121741202257932,-0.08847289045837627,-0.03814540876899578,0.14749792252355187,0.0580596437282694
"If I want something from a person I dislike, I will act very nicely toward that person in order to get it.",0.059402464317148795,0.09605782402591402,0.19399181345447072,0.08098053663337931,0.10960658107202524,-0.09263232282122395,0.11479858840699461,-0.1710514246479661,0.030055379832035635,0.21545403737631053,-0.17783970634262883,-0.09879530588168942,-0.134825662823614,-0.033187202157470924,-0.11178020291651469,0.045868587489901885,0.007709143981192575,-0.15112671166242445,-0.0220609187810675,-0.11373647120924517,-0.051059151143530324,-0.05662176882149153,-0.04637494710867627,3.9201456750100056e-05,0.12976281186491537,-0.04995168538634647,-0.0008342843931502778,-0.16566617314136856,0.06277753713673129,-0.08714907360819467,-0.19310617527603927,0.004345996152069865,-0.03286693937832325,-0.14353463885374101,-0.1414311016155868
"If I want something from someone, I will laugh at that person's worst jokes.",0.04127309665675037,0.07826582720146967,0.08549596912798493,0.08603129043013558,0.0264336344632958,-0.25970897896189044,-0.11133571496123003,-0.23244146795266502,0.005226018414304498,-0.012673202535317308,-0.07847109282997179,-0.1083623559661094,-0.09322537116719884,-0.06287648165442258,-0.011039356021463869,0.18562136623870126,0.011458614276383294,0.015103953122618023,0.11794983490871215,0.07433960608353365,-0.22163777249540867,-0.09857234528871195,-0.19109063621327618,-0.012350598639642184,0.023435061012040796,-0.04245943601848714,0.1812035257899915,0.12609272984019357,-0.05808867761653415,0.0004558992617224276,-0.16026830555950272,0.09210228346522797,-0.0040006796158052055,-0.04930990049813364,-0.0499280907079094
"If someone has cheated me once, I will always feel suspicious of that person.",0.1468227961156239,0.0463239805209274,0.027520915470654737,0.041073037052689075,0.025045783079624028,0.16281972040596096,0.007838667723894254,-0.03196302523123577,0.20010993989340087,0.023188650201502296,-0.007866358183708464,0.03833940791670914,0.021693552013100696,-0.02930671901299023,-0.012375622482842309,-0.03841342647331208,0.1026912064777429,-0.1191466011245267,-0.16921999129097706,0.03615327146219065,-0.055665062705905315,-0.00936080485205479,-0.014990194753711267,0.13478445140286563,0.0012435686739352637,0.026138412430812163,-0.12015130473413942,0.09556128346577744,0.06065004441701059,0.016270031947871376,0.08354985695153191,-0.006546455486875209,0.009554230012224994,-0.12122479760244864,0.13645834084652642
"In social situations, I'm usually the one who makes the first move.",0.15879406301713617,0.019095282849358818,0.059648487141753324,-0.005167256873817649,0.027614467692724833,0.07145221829705194,0.09382520283076669,-0.14405070051157168,0.09344641886727563,-0.08937628433200037,-0.1324545413762392,0.03945412161737163,0.029631867809023583,0.11505387296153595,-0.08362905226841473,-0.11041371050280438,-0.2589054024975647,0.042841342134292894,0.07408302395528565,-0.045667268819456854,-0.10443036471593257,-0.031951542801640656,0.0182174401525972,-0.2414817825792408,0.11414827296374741,-0.057693931681555774,0.025244585771792068,-0.025829145230009506,-0.15858422506302763,-0.13453437550507164,0.02663445633290561,-0.00846519073310955,0.03271634085716278,0.16288934619817222,-0.005468736669348629
It wouldn’t bother me to harm someone I didn’t like.,0.048244593181727295,-0.0024509981771579387,0.04616014565949754,0.03413166121884098,0.016114551089904488,-0.12183240595321489,-0.07820842917370685,0.031709238324117595,0.05881894000783207,0.06606296557390068,0.020541463379705575,-0.04908333151290342,-0.024642833794021768,0.14144537050041953,0.09106232648497077,-0.06856220270478983,0.022318765702835034,-0.04981009500953522,0.0438478251029573,0.033478975119756,-0.09744520196574608,0.04423365713013449,0.025614476670285092,0.04806540692599058,0.06408178343747573,0.03130513305888739,-0.028422683281902582,0.07525687294270288,-0.08575120347894162,0.05658979894634781,0.13503143865231812,-0.06657359525350555,0.03567741982027203,0.00043126751773202787,-0.12997361204522023
"I’d be tempted to use counterfeit money, if I were sure I could get away with it.",0.06542676491776434,-0.003646615607733076,0.028223111857408566,-0.1099074543988098,-0.007769169114622182,-0.15913149835377333,0.07331832687620227,0.020930737188691508,0.026703362771998248,-0.010771575589251195,0.05864582335311648,-0.08470574714948845,-0.005489589228335027,-0.12697804140703597,0.0357496589675113,0.0595630696650064,0.042051128239072,0.06520999349400088,0.07330818489423425,0.03396211348289158,0.18613827762976834,0.02969858729754026,0.08250223720358787,-0.012647317163192444,-0.129108865240536,-0.12443324607595178,0.1317894589666322,0.04749874696314775,0.01255653154683083,-0.021850775748185246,-0.07238868958455177,-0.030089805167592024,0.020162752785337183,0.04358383539910239,0.00961715666696384
I’ve never really enjoyed looking through an encyclopedia.,0.11428975939565043,0.1455060014834365,0.3030804180228257,0.09429100793390705,-0.07704216803602149,0.048860794504323984,-0.0018240541019458776,-0.030132203303745973,-0.2180305424756569,0.21920928806690004,0.006663767399193636,-0.04131610673487524,0.041248065909439274,-0.08611230488162558,-0.07932577724340854,-0.060616663575031246,-0.13918893656714018,0.059174028432206004,0.15254062851716463,0.09927201304142921,0.13511896582925537,-0.18968682337855142,0.06391644630119497,0.06434458410793491,-0.06766797692562554,0.04929825156699691,0.16320763119553583,-0.17083178200454543,0.08021329653713226,-0.09656468656077033,0.034531863958487966,-0.03969837967242563,0.006492973413531253,-0.14695430471877155,0.14624338993367983
Most people are more upbeat and dynamic than I generally am.,-0.06207256768868301,0.11137688355529063,0.08994715499735688,0.12116535328861802,-0.2600322086295515,0.010833628439312439,-0.1398660114964493,0.0875409986950156,0.023467362326110523,0.03979121744896798,-0.04011338416475298,-0.013111499412124892,0.017629172986340196,-0.009757131158938415,0.1052938467346535,0.22591766415646058,0.1431698661636272,0.21881432830152084,0.05572782262380656,0.0013491374961460622,0.026439195657487848,0.07298991443819887,-0.19097497781097708,-0.12000905134202512,0.05519023308799073,0.09175129910783252,0.02377321743168852,-0.11765255627190989,0.03996118253679333,0.1038791964829748,-0.001446264340940248,0.07988924970721442,0.058218532053191115,0.07195788655706849,0.040857791005831826
Most people tend to get angry more quickly than I do.,-0.09202766827962032,0.23114664608065882,-0.008761988194728303,0.06195784995646367,0.14735117344787158,-0.13477357734294415,0.050528218673145046,0.14057677148567227,0.09468834045429282,0.028471494983604913,0.09114676110362294,-0.001549879458481217,-0.04991359173312474,0.11661347369722161,0.11383163457004834,-0.15140818434168365,0.04485379523910491,0.0817241543997523,0.10356789362013451,0.011263827604784988,-0.06821597929024857,0.014768589360253274,0.08607347419560399,0.1794387811376395,-0.026745086086100458,0.11263034429247558,0.11251723572196323,-0.006917890763868095,0.0067628671528886354,0.07621814050439203,-0.06538787538045485,0.05103010587834752,0.039200175737660325,0.06035938772750107,-0.025244951157260352
"My attitude toward people who have treated me badly is ""forgive and forget"".",-0.09052208554893872,0.18531257081662617,-0.12402343181651715,-0.03121198688871433,0.023262097761152997,0.00931129697779633,-0.059728388345406835,-0.08574261256780238,0.0782149114177957,0.00828456089120345,0.015730530613884637,0.0419119720831982,0.047169842206192004,-0.06342075665200997,0.09851561179683166,-0.1110794386848058,0.04153592285226847,0.04709854539411808,0.08091141010792853,0.028994774400615403,0.055894873598341666,-0.2070041023615002,-0.11141707135591625,-0.1554846459584166,-0.04030585337244056,-0.0630152293816961,-0.06318187153927013,-0.03736884701031814,0.11712933195959176,-0.10219186194082987,-0.014562209355512544,-0.053437064420457585,-0.039449023516645455,-0.08983567567948103,0.027804704937739313
"Often when I set a goal, I end up quitting without having reached it.",0.08867262052946287,-0.011836941399866158,-0.018773585478657706,0.05046800628549171,0.010589275039977333,0.03432760191624722,-0.04337693529072626,-0.03165847880627642,-0.0496270698153203,0.03853152304866652,0.013291154331973863,-0.07050705842101616,0.026182630372107975,0.07141976030907768,0.1573247696404052,0.09181248118584,0.009761717150799902,0.12219478118486529,0.03963800954906085,0.07729407505274564,0.018397771373058116,-0.18885113457121233,0.1607193824058603,-0.09528401975100322,0.024137364654961576,-0.05565422051178421,-0.1390681119112369,0.0182370655503383,0.049629673071541584,0.08353359660805881,-0.09502366700461704,0.043850337553430936,-0.03158389431565588,-0.23241476699163574,-0.024233380687582677
"On most days, I feel cheerful and optimistic.",0.0027049982092501885,0.1283768358840775,-0.11832851674995633,-0.0006673064631516225,-0.07577355984878953,0.08579607558558881,-0.11923034742912421,-0.024617804006528826,0.148155436868013,-0.06199270751630243,0.09203929172602908,-0.022391721806466668,-0.044720485027573524,-0.0831386355148023,-0.10529179174620325,0.16399701782163575,0.018489009564869346,-0.20710900339926988,0.08023872769601016,0.03373864718635591,-0.05029277368823563,0.10829363435370781,-0.05111641103987195,-0.14741876219424518,0.007964700755304517,-0.1487718115477205,0.026433303846484336,0.11407003133650294,0.08912754384880103,0.005694163475796265,-0.05596164388174259,0.058092957806179166,-0.09568873138229857,-0.08448617857188963,-0.06915081724186872
People have often told me that I have a good imagination.,0.06043860208543435,0.09520054951382116,-0.0036201838971635482,0.08865294605893746,0.10001614558855965,-0.04783742833963,-0.026656922218432647,-0.04284377698339227,0.10131056610220206,-0.09102733740311385,0.010841076194839016,-0.06343943307566043,-0.04851358533355022,0.10671387322598677,0.07050260266210058,-0.10653724601071302,-0.09135189487112994,0.040782690069575064,-0.050906064606276634,0.05372493511135383,-0.04614764745214151,0.12533366962296064,-0.011649121918098616,-0.05568416174172026,-0.11526530646484637,0.0663835608179251,0.11037514277776614,0.013876455647084167,-0.011111272658639537,0.06895339748368699,0.15323066668248572,0.08966846955784966,0.015349759135169186,-0.057140493894201054,0.06226547637121773
People often call me a perfectionist.,-0.0034696536383856036,0.09090407993821797,-0.06979026947204325,-0.027243509862362167,0.18954207660427547,0.12170533076604335,-0.03873850976681591,0.030311263557782242,0.1753007117378026,-0.023699640384905414,-0.19776078713055587,0.0733143235520552,0.13915547392631175,0.016209356306190387,0.08111006670981637,0.08617301128717408,0.17929539125682142,0.10726439917389176,0.04074280037984168,-0.22235595481405696,-0.007146796312669974,-0.12722634624301482,-0.09789785274173424,-0.12334801499887714,-0.1680903373067106,0.06916435126208552,0.11682592066399689,-0.22348945282850582,-0.07309475976864051,-0.02209683745680795,-0.03463900892598931,0.03793709049432999,-0.12057215330161292,-0.10243700415565855,-0.059671115873567465
People often joke with me about the messiness of my room or desk.,0.13613814207403532,0.10118159951268389,0.05785089179091803,-0.049456454762251835,0.03995747362977471,-0.01082077942353371,-0.1482624604790827,0.20171413413790218,-0.003675763552825875,0.02651566296254374,-0.21766665702285462,-0.09306086151869582,0.043184714450716886,-0.13435972860215367,0.10041539731374462,-0.07798094843641602,-0.07792500373784537,0.062398573093693586,-0.028477297309097878,-0.049426013239786945,-0.12833615682729613,0.059991023551482954,0.012227741292829067,0.010223537644580555,0.12173457303580291,0.09827989294880636,-0.12976920867371833,-0.0542216438976535,0.05658224529314366,0.1367731761453645,0.06672884122212942,0.009803512146326738,-0.01623628684082168,-0.07491950439405776,-0.0970077963016284
People often tell me that I should try to cheer up.,0.18649680057501028,0.08147859621520158,-0.05559511244468255,0.002386261473900508,0.06154087612111494,-0.08150781295626296,-0.20164984437242575,0.1479957870131969,-0.04501501736550242,0.09250087622866456,-0.02419759307684164,0.003093522119763224,0.08098396307399897,0.03174962769262416,0.06731952172023158,-0.058080473358591254,0.04657638355124434,0.02629280319543272,-0.10686246173326239,-0.0030657860207828347,0.009175312607267271,0.022658659423430143,-0.07039842832163058,-0.004066192822448096,-0.07305335295768806,0.07734992890768537,-0.10626371098685922,0.006423740687960436,-0.047260722351519874,-0.14681798607318222,-0.004957989119207144,0.00647730363660663,0.15172107764594622,-0.006596376797327437,-0.05882476784890558
People see me as a hard-hearted person.,0.013468563288195418,-0.004772221793830555,0.05886126526345576,0.05983035523913399,0.017799218518428153,-0.1771326658941512,0.009061202266479006,-0.23816365234891707,-0.06739846250706924,-0.0835850189365336,0.028285747473609655,0.22945060641339926,0.1580309233174776,0.07414560624343226,-0.04283575204220291,-0.019107229712201454,-0.06739696403382814,0.09886724422338466,-0.1466528572376128,-0.08856594093905848,-0.0851358572458773,-0.018334064731524283,0.1242366694000801,0.2308341421168,-0.052061682474620265,0.0517403635865342,0.07871098480286401,-0.025744591793322797,-0.10333066206030679,-0.03253911188030105,0.15187888091944685,0.06274574938400532,-0.10429075948267655,0.13125708551942067,0.06811712920249913
People sometimes tell me that I am too critical of others.,0.11001324809238099,0.06462444722384046,0.01795043203540058,-0.006310760804698903,-0.08743785522337028,0.10754629141839964,-0.09074298965911612,-0.10211356764435837,0.1538035091572395,0.10187634290130491,-0.10372246027374353,0.17590043342678632,-0.021256364910382176,0.09777471720636295,0.05921309332243292,-0.011747974238116713,-0.1193957051487042,0.04385711439284265,-0.11376802302656988,-0.04745058347800089,0.039176163837609815,-0.04458722523398252,0.0032446429403236265,0.2706492079801566,0.08322503579400742,-0.14459835953651587,-0.03191017150098057,0.08822249553312483,0.010769709996797888,0.0800370536834133,-0.017196928756129715,0.29879146708430027,-0.049507624808463144,-0.027103951121865158,-0.07940421077351528
People sometimes tell me that I'm too stubborn.,0.005077325882859123,0.03244859429869514,0.0025204014392193183,-0.03363065226730383,0.08784012524285253,-0.24432702495836453,-0.04264056930465999,0.21061304880288056,0.08871609411874053,-0.03526795848054046,0.046014454506749826,0.20081059287669142,0.04715894680718832,-0.1037648514059662,-0.016518825894107907,-0.089304824234324,-0.1738002729683005,-0.10701483955525161,-0.08596836789850883,-0.20610555056341814,0.07099949635890299,-0.09831669363368134,0.031919700294359823,-0.048735290112139604,0.09692424361824703,0.10068011407371204,0.052580750933624236,0.0855724536858874,0.08997029447872242,0.03463121310725127,-0.06886180600340391,-0.03276240901815849,-0.05386966979268969,-0.16836881133956533,0.015667279078996236
People think of me as someone who has a quick temper.,0.08761960753399463,0.03697469902083248,0.10940061245426733,-0.016778979863433654,0.017859514454849745,0.025436564426769538,-0.03600839106699646,-0.10085589779453231,-0.054910390201698585,0.049988700534974714,-0.12576112822633276,0.09080763507079358,0.11926176276148459,-0.0769375194081376,0.026778269810692763,-0.012872297902612129,0.13285069807255948,-0.08447200631499638,-0.0833561800291333,-0.01183133066520346,0.06871835760629612,0.20486808798707726,-0.003335889504229885,-0.12677718979888716,0.06424637248037204,-0.07001859296177311,0.14881588144536947,0.059851964813366826,0.052257731988477725,0.19471139802453816,-0.10442093391527997,0.0011751661228134324,0.013855242384057075,0.043480918341568746,0.20416550446609733
Sometimes I like to just watch the wind as it blows through the trees.,0.13012124037652098,0.05353292742236274,-0.17655522419604922,0.03912018539875801,-0.008430578488738854,0.0647220034353234,0.2471937817422161,-0.04360806113210866,-0.0608478571955727,0.0031549931064240888,0.1910592276160105,0.2649121988778351,-0.1772546215693797,0.02635834077644302,0.1478189527546063,-0.008959329082892592,-0.15447170655573297,-0.06047028122254085,0.001860370471211644,0.1991680234505041,-0.03640401700926244,0.0080012141528177,-0.0071595542100148036,-0.019010619444310692,0.055703191112819475,0.06104515799335783,-0.017720696331707125,-0.03282857240761752,0.03530993921630648,0.06135906227016493,-0.12191156044060333,-0.09671659080802023,-0.21988554387075737,-0.002163654164574524,0.028763291568101944
The first thing that I always do in a new place is to make friends.,0.0798888496147971,0.06907421859210121,-0.0681848464767617,0.09002781324251373,-0.02412665894435857,0.03887640852534923,-0.02429729776602858,-0.07318380117669941,-0.07916282553124955,-0.009314865432399042,-0.0007417812948029378,0.03302523610314783,-0.04803556745467185,0.14950292039653568,0.2122160470653435,0.2703898470954419,0.045342792254497624,-0.1910882244241472,-0.0029735785926826926,-0.15073610104679597,0.2245403319856025,0.0733726284355833,0.1257114240639064,-0.05351309448140798,0.12912367840318995,0.03309050962427227,-0.03632746610210005,0.002989453733967441,-0.021502031625273286,-0.06659750076460545,0.11716099186660867,-0.1648858566090016,-0.10638607201855096,-0.08085142370542679,0.028277878023847097
"When I suffer from a painful experience, I need someone to make me feel comfortable.",0.1653308809847349,0.11206182331618486,0.04959640066989121,-0.03410475611326879,-0.14130196631130995,-0.0032028497495964416,0.1254440622338877,-0.0005860432772521631,-0.05198679077558586,-0.05694866678924055,0.12155898015969166,-0.04088184622222306,-0.13682893616099615,-0.10841924663237021,-0.010281460380437639,-0.03149240978931108,0.018284446610219097,0.3029868237722805,-0.09334172357386156,-0.028096242580083437,-0.01857907583955216,0.22396285696441517,0.0003397766932856929,-0.09495983660308915,-0.10114157539891491,-0.07834828119368346,0.12346188525410659,0.00020130630441340147,0.03189301270908467,-0.0017952540250523513,0.12026922869368346,0.034045742088586704,-0.14206450552944122,-0.215198679336973,-0.051499926024618434
"When I'm in a group of people, I'm often the one who speaks on behalf of the group.",0.11455590217429505,0.11322827523648146,0.021787012776818448,-0.061408564662827556,0.3346609817822257,0.08651590381398157,0.021617799633734346,-0.037134559681155005,0.05665049480858405,0.05199613071398997,0.15389414048014682,0.10998295402501272,-0.060129258658844255,0.045332717633544635,-0.034732118348176785,-0.04082905041663965,0.028010876969549896,-0.034188815705147674,0.0478592865545493,-0.09384812363737986,0.17412797998886084,0.16188479846492215,-0.15795259491356742,0.16913697139762238,0.09973059251518238,-0.030820428263621077,0.00634413171815791,-0.03144523625048613,-0.03395411289783714,0.06419485857560407,0.051792115534019,-0.043327537575265945,0.1259450058362807,-0.10125269655966973,-0.05651659163145088
"When it comes to physical danger, I am very fearful.",0.11802442253268555,0.06649539775388387,-0.11298801087570289,-0.1882873034803614,0.0056740245855443185,-0.015124899797368044,-0.08206657248231916,0.017605553507963636,-0.03343925924203896,0.014551934345753737,0.1399650349589229,-0.043456683830606364,0.13049907816920175,0.0035099361796249967,-0.17178473060683289,-0.03778509974503847,0.015563108544655178,0.1276230537411188,-0.10581462697028118,-0.015287783923589256,-0.21508432141321415,-0.14284178114885843,0.050707208595774905,-0.10672142786770022,0.13411226620565506,0.004307149640956429,-0.09577499983237353,-0.14165146089002445,-0.017009514619335617,0.18631248368215425,-0.2119364126414947,-0.25623082194884306,-0.08878382849555953,0.06478351489403637,0.057775695409487376
"When people tell me that I’m wrong, my first reaction is to argue with them.",0.1375978276963978,0.027654379910795997,0.018050157801755017,-0.11219621088220984,-0.0737609989317265,-0.0379656677591563,-0.007727125203762268,0.025285955579381687,0.018482352565470206,-0.040668057181375686,0.016997546271301903,0.09184790786147612,-0.09704676294258627,0.028615831925750283,-0.10141200745318006,-0.026564388697268397,0.023306962343934857,0.05298767838558619,0.021027797860980392,-0.09690705592895543,-0.05664245866029253,-0.14756772581604677,0.01501056366180248,-0.061998154792748034,-0.051397858066112606,0.007413784849698552,0.07212457806956787,0.032148988078202684,-0.09668393168558616,-0.03572091508582748,0.047876770766245975,-0.008992248398941086,0.05982871128631545,-0.18431762165609505,-0.0605613699973163
"When someone I know well is unhappy, I can almost feel that person's pain myself.",0.1562067044485738,0.010778512020228923,-0.23377787567293432,0.13037390107460303,0.03340462852131494,0.06302614645859904,0.07537714009743741,-0.030437740567430434,-0.022736041834940778,0.10071352800530367,-0.0035979503974975183,0.014082209508831899,-0.03139501983442911,-0.07638976702035068,0.09579429217249072,0.009911603785248089,-0.2720652493470726,0.1900789465519897,-0.033314411596179934,0.017453894095462108,-0.12524237843370767,0.11003627255862006,-0.020073818234914723,0.0036042654557177927,-0.21727644242945818,-0.09920954103612449,-0.15727794205641604,0.029910305042665387,0.04861790052533152,-0.023614554734669484,-0.1389813045484554,-0.08995036586415567,0.09568913015805793,0.08912605432914185,0.020852491699156074
"When working on something, I don't pay much attention to small details.",0.1374140491542245,0.06595509581755274,0.14464572566746198,0.08299567091796882,-0.1020558085825053,0.12505210688572774,-0.037408865618957295,-0.026869510387053944,-0.008951073667105977,0.014308259581025745,0.013389978214128054,0.06039737702754404,0.07139446772384138,-0.060612121368233865,0.054080295275437416,-0.12784864229247792,-0.13395887147659893,0.10881460975421545,0.13401431706208802,-0.029935481456084916,0.045473380053219735,-0.08330746417146753,-0.0339009176588424,0.1548467515092884,-0.1903351486951234,0.05948055198386186,-0.07208286562646235,0.16714678205637123,-0.12179746998256476,-0.051473956555149365,-0.11355419643020828,0.0104451707332704,0.022382823673105727,0.0629310568052532,-0.012599729627007405
"When working, I often set ambitious goals for myself.",0.09887673795980899,0.043113325983914284,-0.010212656394467291,-0.03460182768952387,0.17058419333087813,0.223442463690759,0.05497013113720568,0.1108905589577637,-0.12852776975520527,-0.07483243098966534,-0.05103237936163764,0.04734681870497875,-0.08382653571544807,-0.10716601480600632,-0.08207140172857942,0.08404701848013006,0.039051749130683974,-0.061989920127715085,-0.042342831393209455,-0.03627628906450943,-0.1910180595085422,0.02448867881657778,-0.003286606414667397,-0.006014585459932829,0.022036524031871174,0.033983953481312654,0.19009476892389937,0.15497632352638813,-0.05447813008189446,0.1534370526176187,0.03703735031696426,0.15030226250388343,-0.016846005771110183,-0.007014879270045381,0.09009610566194046
"When working, I sometimes have difficulties due to being disorganized.",0.10560014402873119,0.0493378171971958,-0.004117326963267591,0.11108797463773287,0.3005773109835975,0.06023251781769925,-0.08017473649606971,0.13608688511644287,-0.052327046567143896,-0.027154245828532673,0.02801940212998752,0.09218549619138247,0.12852140061188985,0.006088458481669085,-0.025356468719094218,0.13342651444262774,0.006084899706756532,-0.023749031651514336,0.12847139098510507,0.06927200320883864,0.01956523704421077,0.02414171735935967,0.030985592049355987,0.03204150871910369,-0.005390410307048688,0.10391873030705512,-0.1055984498629466,-0.04563320170062023,0.26139588419479864,0.011201158095354213,-0.035481124340001516,-0.06541461185956023,0.2623274487150091,0.06173697782605104,0.022193362275779293
"Whenever I feel worried about something, I want to share my concern with another person.",0.05299091187610899,-0.0036042988758987586,-0.1078818604153367,0.06316420846165198,-0.013867125940722914,-0.19056113731676558,0.2712068541469888,-0.15682223813398014,0.08132450649491156,-0.03986259108468541,-0.19403088371610994,0.22723926534870006,0.014731294193572476,-0.06636440331589404,-0.22987282877387724,-0.011861180554436154,0.0013024371253075608,-0.033774394471156995,0.03932924151489469,-0.005251098603682391,0.1944915055858154,0.11184726174400039,-0.11323744015852295,-0.1814827112367534,-0.2074287432415453,0.13673919041687446,-0.23110382653593392,-0.10949211884051231,0.15535785859013193,0.06672946773313694,-0.06578287535756266,0.07844113159385492,0.09262749628956621,0.10143484023493028,-0.08803587623597098
