,PC1,PC2,PC3,PC4,PC5,PC6,PC7,PC8,PC9,PC10,PC11,PC12,PC13,PC14,PC15,PC16,PC17,PC18,PC19,PC20,PC21,PC22,PC23
Even in an emergency I wouldn't feel like panicking.,0.15208782026523704,-0.15003042476387818,0.09950591948754606,0.05049256651324684,0.09507670432541158,0.09604799107685928,0.12521462324298221,-0.03556780959140681,0.12700520730753662,-0.05006942545971821,0.00027776612630664075,-0.07229975712162766,-0.02498089815782368,0.08331627061727492,-0.15483414125580144,-0.0469335224346719,0.13546504660394054,-0.03588534548006709,-0.12088231526908542,-0.06751789200955037,0.2887751014282841,0.018450955910915553,-0.11108622543394672
"Even when people make a lot of mistakes, I rarely say anything negative.",0.02376237238753365,-0.07925167574439733,-0.025885566516240955,-0.15675966617462778,-0.10744660233557454,-0.12428710786411003,0.029606135538580394,-0.11710477682937181,0.26077949088578545,-0.0014795254949088725,-0.07372235427521899,-0.08700322760917262,-0.04664639130270819,0.223601004121715,-0.14837908194979346,-0.07918859104716143,0.05313991908387014,-0.06962969903056368,0.039314150195876175,-0.027078680361533738,0.006217670186474089,0.03004467501179021,-0.3306188622490451
Having a lot of money is not especially important to me.,0.06643497603402151,-0.07845122601262751,0.032549928305588935,0.12210889052077717,0.1019272427112671,0.13033935166127483,0.06754944582901666,0.24149575667169965,0.129057135035491,-0.031557696087308025,0.19316803934326243,0.002537394673437149,-0.09063893994856743,-0.09117959641216083,-0.10080480557873371,0.13733571062038497,-0.12445566757453944,-0.019154813409371994,0.11692911257235576,0.12445382433797819,-0.01646120263188667,-0.05814679476132517,-0.20440809133354368
"I always try to be accurate in my work, even at the expense of time.",0.09177879917785593,0.023968902580127377,-0.09567207008523602,0.17331484232142166,0.09854338757172211,-0.10044991116381533,0.051674008640558024,0.08386711897591183,-0.07934330447596427,-0.16104849559481443,0.03461324887978216,0.03769189909677255,-0.0967023085507528,-0.1111460222677679,0.13269757315259706,0.03877959130040213,-0.07981601014462446,0.07149192467506413,-0.04042431342959435,0.0005270532018652941,0.11908621588077427,-0.08272447156470367,-0.11382960651551423
I am an ordinary person who is no better than others.,-0.09755961855634138,-0.038513754399442615,-0.05845812193315773,0.1934497637957851,0.23311925287257568,-0.09548596611861777,0.15079841576451114,-0.0493530315130093,0.19623569410391006,-0.03593021495461457,-0.009045444795918492,0.14740937985741054,0.14033103796065913,0.08197516169131477,0.08725192433328109,0.07995735565013555,0.18064526755459687,-0.019202892653607605,0.001417003901639882,0.016064721019663525,0.06758332340775762,-0.12341970642518652,0.1360876805821134
I am energetic nearly all the time.,0.19475830678717201,-0.0056215995338965005,0.1005724761331088,-0.007432185409472862,-0.0351424259588968,0.033092179529913175,0.09720283019898053,0.0772543710607208,-0.06198309728105163,0.16082430631214528,-0.05465853261975403,-0.0691095408432609,-0.07563788644832532,-0.03694443548697737,-0.10718590296605754,0.1608981406587533,-0.020424698382074176,0.06747610160226633,0.13171044335048324,-0.08296558765746855,-0.03808805604280134,-0.13341511079566487,-0.08982625038639189
I am usually quite flexible in my opinions when people disagree with me.,0.10352397247617952,0.03094530072742597,-0.13441459143115084,-0.04781468567194051,-0.0297345934396121,0.00034029999638735957,-0.06985328413595039,-0.002635967497108085,0.18633230437353177,0.05861709119833461,0.09819386729506188,-0.014805622155875739,-0.03902283454116586,-0.11042482501661993,-0.16306147096538884,0.06844827862030319,-0.06125687483034644,0.11110130640868675,-0.056032734377354995,-0.0708331414777899,0.3105459555223781,-0.1265645855639128,0.07617886778547237
"I avoid making ""small talk"" with people.",0.037300698072077663,0.043207354508740296,0.0247426481740975,0.11708945010756074,-0.02667434457718124,-0.03324477124288901,0.13020052164670537,0.14366529903036812,0.023517187554442435,-0.14158808363276273,-0.01714033513032442,0.09886575221942934,0.15282326247371292,-0.16125689981240976,0.06235321721120917,-0.003405141932400583,-0.03870938585036377,-0.06965184233145316,-0.22219291305295216,0.0844296485246983,-0.2970606068548147,-0.1341151473538274,0.11782095331179007
I can handle difficult situations without needing emotional support from anyone else.,0.17833499470973616,0.033925435680380804,0.00927431586040497,0.1904609096457117,-0.005352304156123758,0.031166634128913264,-0.2576276455096998,-0.21825979952717192,0.0999369626297098,0.052925019808111984,0.017736699995896894,0.009515179165925074,0.16226941661574032,0.13240247511858802,0.13104976653079126,0.19356085126759803,-0.04552344845613241,-0.13310791098368388,0.11799433727279386,0.05373204439707534,-0.016444040818703362,-0.2835759131270856,-0.05619962968554034
I clean my office or home quite frequently.,-0.09343355870687133,-0.10134728785098612,-0.11922612591596413,-0.010383709300762236,0.15830315935090913,0.07016099542792277,0.011849853493527018,0.06335439722505905,-0.014203804047178198,-0.11869513931544443,0.029541027474011036,-0.08022018475841385,-0.05436280244476951,0.1318764550676127,0.1048307063008598,0.18535058395916784,-0.07652003215309981,0.12649533261007775,0.026234581838975167,0.0865474329354699,0.15269040861083735,-0.049487337294735624,0.10908431258970847
I do only the minimum amount of work needed to get by.,0.2176765823780101,0.05638758234419114,0.07317524128675361,0.08427213329022326,-0.11245845133527485,-0.004522635933090824,0.040586346441362865,-0.00390278227904716,-0.0910590627197391,0.02082987678695166,0.11041378962771381,0.11381825707051015,-0.15431391567803907,0.05823618357432777,-0.033428670710080925,-0.10359514872440198,0.009558480649687943,-0.001223785568639084,0.03803439916781749,0.03611718052112958,0.034265580013167846,0.13887647055410335,-0.03565754037974478
I don't think of myself as the artistic or creative type.,-0.14239296305468402,-0.08879668995800047,-0.12937693528584987,-0.02845002817352301,-0.08751115371038662,0.22772958667435755,-0.08580190670610605,-0.022328579761875526,0.08134617609106226,-0.0477582771183582,0.05944198310569827,0.12910361854033714,-0.01194070970153253,-0.14447534080924046,-0.030606181932172186,-0.033529723824455744,-0.033254098877387964,-0.04000876375974749,0.08572045080277133,0.018713453909384583,0.06725779454707977,0.05843998571128177,0.06411166747444405
I don’t allow my impulses to govern my behavior.,-0.16908446048776574,0.04880571875168765,-0.1030568569611416,0.03484327668851804,-0.04587443651742154,0.03788352746189725,-0.060932068661001565,0.10440263344060201,-0.02554033932636202,-0.08307436149968962,-0.2611772201381766,0.059183249888182486,-0.016285381602044166,0.08233636695656268,-0.19198641632379584,-0.07125020513073384,-0.13557103964501885,-0.05196946702946221,0.08010937381836057,0.03809367952628012,-0.02517977604798279,-0.18763995922707358,-0.06432213167650737
I don’t mind doing jobs that involve dangerous work.,0.1124354568869406,-0.0582996297987464,0.09199666620361227,-0.1294430503706866,-0.009725733332261474,0.010703400797565064,-0.0867124832428069,0.05193813095893664,-0.11470201003524934,0.0183274819770597,-0.11179039620413563,0.19338426413415458,0.24283536258367705,-0.09213905719728585,-0.13258771113884119,-0.03191529666850219,0.011026930592010846,-0.05055478679157502,0.03523672157745151,-0.08233176379760278,-0.07570723589689453,-0.0288031620088826,-0.06626687378718228
I enjoy having lots of people around to talk with.,0.10156694406069783,0.025237043625939325,-0.13193096254699668,-0.0701762425596254,0.00876247042136949,-0.018787187680737248,-0.058762638228924156,0.08106602917118767,-0.008995961891123967,-0.01962139629735838,-0.02907580043203171,0.06790534220090363,-0.043948817784055086,-0.0030655791290058604,-0.06626348257651547,0.15331369643257736,0.10105434841016005,-0.11076229795656908,0.1273425955422729,0.09839304949051642,0.07126776118194858,-0.19626716838296443,-0.10394414841099607
I enjoy looking at maps of different places.,0.004970257086927336,-0.13331380990247255,0.029695832266834456,-0.12088647391253246,0.12189209306730604,0.008923476286012063,-0.119679251519723,0.020099696660014234,0.1913176971311246,-0.011250860102138197,-0.15024147605874122,-0.09315535960764901,0.022412103441891026,-0.021785460855961263,0.1532116058038162,0.05470975335584541,0.17237766851689199,0.005328589084856392,0.00655947869841705,0.05116222912137045,0.03028489915754395,0.037172626872480415,-0.09465527961201034
I feel like crying when I see other people crying.,0.07879034658878205,0.026895256631924186,-0.07632326544619236,-0.07248363597704854,-0.030995889836573906,-0.072183626861304,0.08641767213704776,0.1074439329536346,-0.034726512513454544,0.09551341385640903,0.05274952284741151,0.07791336941516627,0.010025002163706494,0.007127028646270354,0.04156211782490164,0.10962458926323819,-0.14242181954905533,-0.0645073291613024,-0.023435959570992086,-0.0847164017254497,-0.010795471873544437,0.02479463801568137,-0.013507883623224397
I feel reasonably satisfied with myself overall.,0.08177280434237759,0.02329348631831032,-0.055382817071413584,0.08111312437524898,0.04857111185094062,-0.09018144131407618,-0.0008759035864150661,0.03009562651075555,-0.019084932723188737,-0.06230685045220164,-0.0782707537688155,-0.07209230566494117,0.013410031438438932,-0.07039803638429071,0.03744172764844417,-0.013316270645555227,0.03767573150342341,0.08555720202787484,-0.014036802350317183,0.0205687262032393,0.05896109298634223,-0.03629418322486192,-0.03875157820994353
I feel strong emotions when someone close to me is going away for a long time.,0.03655364010014912,0.09353813484210376,-0.028893689076926077,-0.03911902154601799,0.05016608325790228,-0.13837778268640577,0.010882891898790327,-0.09519174220903656,0.04573274979269579,0.019826852469323347,0.02215925977520857,0.01767920717364247,-0.1914793477807637,-0.07119764701113065,0.06544270370301547,0.014606381410333963,-0.03433576483552105,0.015273155817548697,-0.21759722068385454,-0.10730586847004128,-0.06303291971678446,0.04441197987512103,-0.15243008820083723
I feel that I am an unpopular person.,0.054472861154042734,-0.06322459869098938,-0.021426512667400522,-0.021329541887773987,0.009101281874794094,-0.03730740782401304,0.03670809887417073,0.03219749176079024,0.013369484569439682,-0.10215465601376343,-0.14582129475967126,0.21795451258947934,-0.09935245873478513,-0.09945996651381571,-0.10065924040766965,-0.09372342318173794,0.19894455385308654,0.16504646044963156,-0.05177229330683922,0.07203219605397823,0.04454467347509298,0.09495261108319077,-0.06346815640884172
I find it boring to discuss philosophy.,-0.0988409234700975,-0.03657420324927157,-0.06648912381221396,0.022330639087707622,-0.15195856245395814,-0.0015622830735843613,-0.08928228868833005,0.04119818084490873,0.024093989021319377,-0.07789303925699631,0.01732689694637605,-0.04711992671788248,0.06872094135708692,-0.12485291539124012,0.06651997761527043,-0.02591619375256722,-0.09204410187089124,0.007064646943334348,0.08483083933287108,-0.008016616764068589,0.13134667240404635,0.07300293912355331,-0.028416832968723185
I find it hard to compromise with people when I really think I’m right.,-0.08028979088630735,-0.135771169107055,-0.057775471898413214,-0.1628700811444795,-0.08499671575912816,-0.1603482050821721,0.10361614151487289,0.08078267979337624,0.12282044304338492,-0.09966543207259655,-0.08824544147668166,-0.12768532980090835,-0.10105044150051917,0.020261510547766783,-0.18409495778697818,0.11068768956212974,0.0774168828189376,-0.07754539035923204,0.1257049959845962,-0.051694243718640356,-0.018364493122494024,0.049506733194962245,0.08920368779067672
I find it hard to fully forgive someone who has done something mean to me.,-0.14483352043466485,-0.022475714213463577,-0.07901957139794523,0.01855355004288684,-0.08887245578685542,0.039045673769405376,-0.049268394924791827,0.05694754466066726,0.1194438758043612,-0.03863556489003445,0.028661574655290234,0.03949120595548698,-0.11925700510501402,-0.013801903490308033,-0.03206038159878527,-0.16507386855819492,0.031696885047927746,-0.27718694090574575,-0.012500895163382668,-0.10334774254567743,-0.16910480940797246,-0.16676071566968162,0.022901662268319627
I find it hard to keep my temper when people insult me.,0.11561150907687194,-0.0565268785095406,-0.11907686232069044,0.0798302004866984,-0.033805971548774544,-0.2663132849181175,0.02091092896490132,0.023004461222548258,0.0007920326007331299,-0.0857515354094948,0.15482650540022677,-0.23463431664927992,0.19024860251614503,-0.18999573334257072,-0.05348273789599711,-0.17420860590670875,-0.10151887693418621,-0.093767200387481,0.12383030007464967,0.022560158707735416,-0.142600416134186,-0.19001524132199266,0.06315450225246373
I generally accept people’s faults without complaining about them.,0.11329634104722983,0.05979635832328493,-0.0980559040450669,0.027203654369437495,-0.047057848390869225,0.04316039464064675,-0.03731999434278697,-0.1583268315675813,0.29520214224257013,-0.0012274345940800967,0.04245658760945627,-0.0530176868020217,-0.10155378176691884,0.007359725786221897,-0.07183018075945288,-0.054903359530658793,-0.03384154009643278,0.03053891159851144,-0.07915474438504755,-0.07834155066416512,-0.18107514171412073,-0.12027435265213186,0.13011442862018494
I get very anxious when waiting to hear about an important decision.,0.09581177777220537,-0.010531479374031642,-0.12094473988719329,-0.09125530125563826,0.062322312216041106,-0.0075007710967070875,0.057286471459691256,0.002780600063442684,-0.006498756149477112,0.07525697098683921,0.1877625219538435,0.07276950892715442,-0.061854805785666864,0.020063436376340962,0.09024573511656708,-5.74839287960973e-06,0.019933174137695988,-0.012605806076940795,-0.02985529690749517,-0.044554273381235555,0.007786709100600422,-0.04801203656675852,-0.000990920502746078
I have sympathy for people who are less fortunate than I am.,0.07793388546561884,0.000857073387140121,-0.051624923910529266,-0.018864342721750325,0.08778474196396586,0.021706931202397733,-0.03174758096560476,-0.12791491543064953,-0.16207546141333184,-0.030016302487242585,0.05550271229395274,0.041197580296556235,-0.12278359854306842,0.10654015796995742,0.044732903488254094,-0.04167821077533095,0.20035730505885394,0.059106317156336324,-0.10495693753004404,0.006858040024816124,-0.09583118004407797,-0.14556767925019057,-0.007232919411281465
I like people who have unconventional views.,0.09491413359158657,0.009827876236795517,-0.067109918108804,0.09792751538400783,0.02855201794729881,-0.057745308035883354,-0.08456049082185407,0.009618365541013746,-0.07239123195889832,-0.0723947786558344,-0.16586291304988596,-0.1642448465139668,-0.09046509195877889,0.14404632521068425,-0.23735321687142988,-0.0885879089704676,-0.17311810707863506,0.036937184165908785,0.007636535752888347,0.013531912582556123,0.08437267495783173,0.007498175319025928,0.13126927233275681
I make a lot of mistakes because I don't think before I act.,0.01941808860466163,-0.17678144470381332,0.00666427207553859,0.02365644111555902,-0.1942560340224325,-0.1195860152679926,-0.12700371114890033,-0.0008947489429059031,-0.06905589962587955,-0.1564132496965723,-0.003836738054652956,0.1946845072308085,-0.05625770878747465,0.13727153428364555,-0.0017817279013271471,0.014277631371861024,-0.129780328065039,0.1120985604433146,0.002482579821521461,-0.04451513508055481,-0.026955438635739102,-0.028078973296020847,-0.011027445621697256
I make decisions based on the feeling of the moment rather than on careful thought.,-0.03515331506767121,-0.14977577736499892,-0.026822150899362757,0.15296319722044474,-0.162774137995674,-0.01476349854997541,-0.12761343497695846,0.03131306749473008,-0.06477869425595716,-0.007760213099541206,-0.0863065517183679,0.07993707737093554,-0.02314124224367464,-0.15947120129647968,0.05756695197042239,-0.08314071355010566,-0.04970388244019887,0.04441890744557647,-0.054630696368258104,-0.2619133930392195,-0.010950526754286087,-0.05365353406437539,-0.017063490876197858
I often check my work over repeatedly to find any mistakes.,-0.09895260293673816,-0.11655517974360402,-0.0836161329554204,-0.08994374819206007,0.01823359757537181,4.8985075535890754e-05,-0.0660290746709027,0.07253115276448842,0.08967030447041544,-0.09888944616428388,-0.012160958272567583,-0.0988093488779996,-0.059121049249931716,-0.03610701626700526,-0.11007207174340364,0.08321162230990282,0.1923182237931568,0.15024273597818788,0.14406879557904578,-0.045883222788911764,-0.13078773877954,0.11632628924476283,0.23453281032738355
I often push myself very hard when trying to achieve a goal.,0.07761170394430664,0.04479309730173452,-0.00805456599676556,-0.05118617663962514,0.05170453684131502,-0.07968291824951505,-0.04419340791582019,0.022215953299904685,0.019819603345954735,0.027136510846150777,0.06957168624420815,0.08407471458047605,0.11283298699920813,0.08993125521591591,-0.008479159966333395,0.040818665920789164,0.022470810307248523,0.020199878552685645,0.03086593096806349,-0.13717999280066082,-0.08747180054295575,0.022120838098374677,0.09444640705877537
"I plan ahead and organize things, to avoid scrambling at the last minute.",-0.058049692316347774,-0.05175691520987679,-0.020246306674270298,-0.07380652935879191,0.04323594881826336,-0.04254854222098484,-0.04873653963598618,0.04053019184098586,0.001037732007125385,0.03718256107896116,0.021279858660142884,0.0772236155123335,0.03575393905941653,-0.01107617289532691,-0.00457272733568573,0.026448549503841238,-0.0003281855433868028,0.0242878974042414,-0.02052076385816093,-0.032426867847489736,-0.02012882922984039,0.004753477413105202,0.005292592261111322
I prefer jobs that involve active social interaction to those that involve working alone.,0.13290873168818548,-0.03172974195735092,-0.12580622509082187,0.0009642336542241071,-0.08700536838060555,-0.13745482742581816,-0.019129956823124305,0.1675258659894657,0.07927597808427567,-0.03340461928482481,0.02941126609167814,-0.018343923871120965,-0.11678001687554622,-0.0039029660576726027,0.022455433963749136,0.08104097492632183,0.12780281433562782,-0.13136946686806295,-0.06599502293639375,0.04254720065302288,0.10495258425169433,-0.00981570715486588,0.10042008377060438
"I prefer to do whatever comes to mind, rather than stick to a plan.",0.08173975151777275,-0.14278246750317836,0.029802433474339616,0.0815958574725516,0.07944637246581908,0.19446760912174835,-0.10412730771455904,-0.04613654410695573,0.11504644505698397,0.08960597949993743,-0.03069632108692072,0.08675319177787513,-0.057823898455879374,0.019677767513886245,-0.12258560840330476,-0.005260341932107762,-0.01269551433589927,0.058215296809928395,-0.1980314714109609,-0.19583016242307466,-0.16768943971762948,-0.1577531644083757,-0.12837695890483936
I rarely discuss my problems with other people.,-0.03794240163862585,-0.07983581589208771,0.044810103412429976,0.12204437295000432,0.012273183372440861,-0.11619431145859768,0.07180002103364842,0.0452870303941236,0.09716612036441886,-0.2037507916225996,-0.0435060212682433,0.15081508888338635,0.09712239285502343,0.1577225005506615,-0.029502255783418238,0.20501226850223433,-0.2308878061144584,-0.022729568599293547,-0.012470388784355404,-0.20564485729753132,-0.06639751914483143,0.09124649980036349,-0.17838460562147576
I rarely express my opinions in group meetings.,0.09429470383321223,-0.19566996125051708,-0.011343563536772048,0.06081508354794882,-0.046260147975868145,-0.05077657443043331,0.12075691230535016,-0.08623622139500087,0.0999073843435993,0.01582383720194416,0.062431088645826416,-0.0003340075024414896,-0.05326301199837211,-0.009135499443835439,0.07649258643626641,0.06477081658177043,0.03553459588648572,0.0634697623497886,0.30772312278588443,-0.2036524897097514,0.13154027882969352,0.008689111899258951,-0.08220341396030423
"I rarely feel anger, even when people treat me quite badly.",0.0947311078462707,0.008268226408435055,0.03476307511961751,-0.16925906304145427,-0.05532428006076001,0.17880149287554742,0.038267313827336204,-0.05323429806898331,0.06935612366716751,0.017415424361474835,-0.014123244136057393,0.11799199739675505,0.07315027368141212,-0.014273117643746263,-0.09604940946639913,0.04007307574629739,0.0388934442524486,-0.03724976700189274,-0.07997842367950686,0.06652256820002135,0.10084830802668536,0.06823409386262051,0.057704804477725066
"I rarely hold a grudge, even against people who have badly wronged me.",0.23049686264887748,-0.1157294079931012,0.016848968867385832,0.19841599457066156,-0.13547136223921424,-0.04641483077439178,0.10405830235086666,-0.09985771949317099,0.15458642135921377,0.12013657643344701,-0.09476965358083371,0.03959118868442048,0.08888782073719285,-0.05420293017034041,0.07776291360988848,-0.12325058205467966,-0.09303500933689535,-0.16019334833662904,0.0003508246896705978,0.17936291756282963,-0.03250123763764228,0.2848014459048881,0.07233890657236439
"I rarely, if ever, have trouble sleeping due to stress or anxiety.",0.050864346707633394,-0.16210171217294364,0.19689119853584786,-0.029129152149157674,0.05832261990500437,-0.05075749784914923,-0.026129158485525085,0.04821790852956648,0.16850591504581572,0.01059402432498332,0.06111615201045428,0.0016860532476879178,-0.010628054855066292,0.08807191584413863,0.027888781062053846,-0.04712591825563031,-0.0720368476431781,0.3011074893819186,-0.017078728946914323,0.05755602130085554,-0.0626609694985791,0.08731720010541782,0.04552577447362817
I remain unemotional even in situations where most people get very sentimental.,0.1444208609489059,-0.11107259495465552,-0.01190771100803709,-0.07346207385975044,0.05214658895444332,-0.029109192531647423,0.02118883790543187,0.0015889892341095571,-0.09792554508286769,0.04024054249933268,0.07115240783554387,0.20457021546674653,0.027517305248958998,-0.026351581714245852,-0.0708513121564521,-0.021664936614953525,0.10072755764575325,0.01777462201673747,-0.09811200402531048,-0.007827809244205515,0.03882349530574694,0.034717131192847084,0.07827565924645455
I sometimes can't help worrying about little things.,-0.06776763087833128,-0.0048235652037854565,-0.15232976146672306,-0.03965428199068118,0.055862014760792285,0.031442920198116266,0.10559456079686097,-0.032528432885752016,0.050931647345449124,-0.07600599412991259,-0.024666628573884162,-0.043481637032813845,-0.12989899739685928,-0.01884865520008624,0.05189276114594184,-0.04546155687145352,0.10674546263772562,0.03396957679422297,0.013746087583739764,-0.06513224275558939,-0.13376943285846207,-0.11766017261655853,-0.024060892823949253
I sometimes feel that I am a worthless person.,-0.051119569838158664,0.02934855551262417,0.06111747760034398,-0.29048195030759044,-0.20589942776419648,-0.04835545216205372,-0.16846465355932386,0.11223522688896326,-0.049964780518628134,-0.009498500397656404,0.08088783615186494,0.10778375543172693,-0.03794883087522493,-0.0018196190038174053,0.051008018611065964,-0.05089408488347111,0.006802526496637543,0.1676957893015782,-0.06516650788684777,0.10596165360829031,0.020382466588223732,-0.15849760762510157,0.10445522791253924
I tend to be lenient in judging other people.,-0.05239286095648984,-0.06643105177265995,-0.06391566762500671,-0.003946590539089079,0.0636736846206277,-0.15544903197065582,-0.1070501253883208,-0.023139978683079085,-0.021543405890852373,0.007448908267242654,0.07115978730188653,-0.07449283290782156,-0.15212387353962528,0.09313578768323022,-0.14793963274139663,0.01625718491964239,-0.05019834293955958,-0.055859843078273796,-0.04916839329459315,-0.0531276546806899,-0.008521695520152637,-0.026617433610441433,0.11882454259133916
I tend to feel quite self-conscious when speaking in front of a group of people.,-0.12774253668944838,-0.04355885729422219,-0.11251647099630209,0.0274170271339953,0.0181572988315585,0.10783167225961661,0.12742663359092346,0.0463735474778439,0.04137708340475685,0.05907990804015777,0.03214881112029187,0.2531902840347754,-0.13057433896401394,-0.021528662872642688,-0.004778724068485603,0.06260585639625849,-0.002519586859805443,-0.08391901872713745,-0.02091806776532359,0.051434021207878364,-0.027152525359868982,-0.039736436301623684,0.013653032764038826
I think of myself as a somewhat eccentric person.,0.04547443635117638,-0.03798255723569805,0.09285401804502191,-0.059102482447536124,-0.07603263603353398,0.06647183137853141,0.08091213153331578,0.21783191002615612,0.001023170068215491,-0.11402902321670808,0.0547322105199419,-0.043419533050903965,-0.06728007761619308,0.05450026943315003,0.13407746569038484,-0.16349308835897294,0.0525679582786242,0.001271956623674876,0.022886034870104856,0.047645223751947664,-0.012932660107929641,-0.051029214366647035,-0.06925250341424781
I think that I am entitled to more respect than the average person is.,0.23492589834641722,0.019569248483044147,0.06241569658313836,-0.002742630432630847,-0.04645563616443396,-0.07025809976580327,-0.03369148604340201,-0.020080343875079395,-0.13803538623962597,-0.042024442231946915,0.02263943835070523,-0.013404772172185333,0.09384185746660842,-0.002744950415716088,-0.03662210118582851,-0.055181023239506626,0.1005436821343058,0.059087148810389886,-0.07503504313535012,0.009715011755574937,0.07549718200389417,0.022851200058525603,0.04841333359513492
I think that most people like some aspects of my personality.,0.06479288630852365,0.03686303224779365,-0.005366905452394701,0.006151464781338881,-0.01296402719452421,-0.006603965391286737,-0.010400127249167196,0.006274330182013822,-0.021810609733412742,0.006323986746264999,0.018152790343339508,-0.035196368130238534,0.012956269060252762,0.004957503635047742,0.009965036022344225,0.00643283714074013,-0.027947459301413163,-0.002748535197260543,0.006319161725892239,-0.015952547228617043,0.0038245462576060336,0.0012556913674094431,0.004026360144352937
I think that paying attention to radical ideas is a waste of time.,-0.018630414766789102,-0.25005103567073794,0.029564184328816464,0.007562006988720865,-0.07106935538586334,-0.036341457358902464,-0.025646813783358206,-0.0363815930007162,0.03132771914997196,0.0906066291770274,0.001356821697300439,0.0637627510726748,0.022032172114099753,0.10809207041335164,-0.06896529780723605,-0.01282513156706925,-0.016343059542587468,0.014409822491128389,-0.07334662473479989,0.1472384782987884,0.02226562829478892,-0.14864570201581134,0.10582006780041149
I try to give generously to those in need.,0.10934629939059763,-0.002223464397093774,-0.10735554091403121,0.005643907366086314,0.05563608691294402,0.06876743844631181,0.0948456278717155,-0.0022528270863295743,0.025335687590421336,-0.01602916304872463,-0.057065989669049674,0.04861858773920066,-0.05360592515438898,-0.07096793609446794,-0.03109029674885668,0.018077636562343645,0.011526812523987346,-0.002854855482660879,-0.01824167616237072,0.001197346852027316,0.010132742650394128,-0.01345914061856429,0.020097209678162916
I want people to know that I am an important person of high status.,0.08319284689323025,-0.18880874861928634,0.08798384664241334,-0.011705752852997249,-0.21196594540132757,0.010690279590396807,-0.0573033593359145,-0.02619927005323825,-0.10063171231025579,-0.005680150519973017,-0.07318033354803888,-0.17186979532039084,-0.03836166051240058,-0.046135585917954865,-0.16906753047479042,0.058594400383513975,0.11965945269710881,-0.11855742729364949,-0.14270415725537658,-0.08896835054031305,0.08242703121021687,-0.18198346066165497,0.1613807184994551
I worry a lot less than most people do.,-0.10776815655650837,-0.07421501402898711,0.2674923643352513,0.08461126767208597,-0.05119559027197263,-0.042944986882844295,-0.023290883269602,0.08985036601838636,0.1228120868049089,0.0060525247800045,0.14210532949195082,-0.09826105504314639,0.055755224809313955,0.06700977564241391,0.07733137811466999,0.1663891548498592,0.05778790715277658,0.04101028393158908,-0.09721269770934281,-0.10685924917497687,0.06802340963984733,-0.07888042636065781,0.17186339944014412
I would be quite bored by a visit to an art gallery.,0.12409606860624123,0.20791916775702582,-0.014812579415271743,-0.030768809488744057,-0.17305378861167844,0.10233608657578087,0.029241373845249562,0.31544373552332905,0.19466500771742792,0.1537455819648487,-0.2099165391300035,-0.06823906467105312,0.19480573926289257,0.10914990077960658,0.0004257041684984314,-0.02396843697361746,0.090305622248629,-0.027174146034666596,0.13197281087854243,0.10135360311990958,-0.08672603398651714,0.013067974402051583,0.11326987772795886
I would be tempted to buy stolen property if I were financially tight.,0.05001249673426944,-0.05021206451823788,0.035395908360797916,-0.09486472478046307,0.13235375962685447,0.040908865912994107,-0.03604852245850372,0.08125911181882695,0.12371593221233482,0.16416218375815306,0.05042914874329805,-0.024787116498132786,-0.05251803873576392,-0.046623403100760824,0.08659385190745304,-0.06896041072059061,-0.007693280586450215,-0.08292864569354397,-0.1868775848579596,0.019758324293659903,-0.03353086817581266,-0.014020464713399758,-0.018214204546476147
I would be very bored by a book about the history of science and technology.,-0.07644284483575545,-0.143219474217605,-0.004220646437522233,0.06582179277712151,0.11517895175717073,0.12521251344977471,0.17832390917438903,0.09241290076697518,-0.061758001717530236,-0.07586443255508757,0.19620779660837578,0.09226701073214329,-0.015775126626497788,-0.03981751574448248,-0.018361526867159934,-0.2156934355180814,-0.0058515534945223135,0.014163497590512674,-0.056882592173519035,0.106232541732587,0.11049156902602252,-0.185681562758139,0.09717318456603524
"I would enjoy creating a work of art, such as a novel, a song, or a painting.",0.12027619369541037,-0.02289249882224659,-0.13901839159286616,-0.06933918947267212,0.0834006215554998,0.05425837600836729,0.04143969363933896,0.06979480594650748,-0.034498240476985007,0.026271858396458247,-0.04613311008112562,0.09543747896358122,0.02260164579434332,0.054940297373420335,-0.013705612371496088,-0.08483512991988842,-0.07536731624335317,0.10722765376874377,0.00010970655593318143,0.005630973263137764,0.07672770409113829,-0.010398641591595417,0.01272004135542983
I would feel afraid if I had to travel in bad weather conditions.,-0.06610008294881434,-0.04725771842197987,-0.04325258761167205,-0.07843296461567165,0.0612092804811614,-0.03446159576941875,-0.052490843678175796,0.01846733752665999,-0.01742719215142073,0.031376147105778206,0.016352324267550976,-0.0314967410898855,-0.01701885610883148,0.02039443153254129,-0.02350655701705173,0.004359985713760167,-0.06282427607822604,-0.004977981856214249,0.05774398138580791,-0.1623407049729665,-0.19233726403778648,-0.006310458174733799,0.029862753643018443
I would get a lot of pleasure from owning expensive luxury goods.,0.16722565699644573,-0.10292664584695659,-0.11456828124251621,-0.037982214686632064,-0.04989456084238132,-0.07367724180075186,0.17724536454835252,-0.01742076208292405,-0.06911457344703362,0.10052688244209207,-0.07578860023064833,-0.13174593920914543,-0.06256481671939988,0.17382377348923295,0.18939028437472513,0.13380862506492083,-0.10242157276501111,0.14235663385717237,-0.1272873015193227,-0.03194742536796733,-0.1775908154650606,-0.12248032690764037,0.052285203254060074
I would like a job that requires following a routine rather than being creative.,-0.028449572340182788,-0.056303316007416664,0.09325317151187808,0.10178777713330846,-0.12619699403648976,-0.006741164758519257,-0.018970291848297065,0.20228884202226766,0.1777450481559297,0.10669181054512782,0.0003498423528058098,-0.1172657322341705,-0.017504412469803936,0.10172828309340726,9.92709181911322e-05,0.028724865004417222,-0.09238273720538458,0.3131278747095672,-0.12904463975800948,0.26363267033774535,-0.09879558832820551,-0.06674591736019854,-0.18526783044874737
I would like to be seen driving around in a very expensive car.,0.10969385479284506,0.03102199352500258,-0.15771609727299923,0.19743114123094768,-0.06514083282522323,-0.012268954173622816,-0.08308339075130672,0.3061903518121845,-0.02957843042410661,0.11827119583450309,0.1538365552911354,-0.0600466842028746,-0.12022442224252754,-0.2138519001169824,-0.05461537408991637,0.02187367001862287,0.16928979153593188,0.14210077587281927,0.015343534510138042,-0.2472861591992507,-0.15351970470134751,0.10285799875937336,-0.0023767085887521433
"I would like to live in a very expensive, high-class neighborhood.",-0.11331720312015127,-0.04923897034851712,-0.13861348690021277,0.004679350830173505,0.012870664424313881,0.0022530192897503936,-0.03264727207005098,-0.11758985121203909,-0.1979868958086191,0.06600362897198486,-0.046625049875479205,-0.004843581092724584,-0.006311659113216568,0.0359846417815839,0.09048752581136336,0.08580991568074749,0.15398150794297158,0.2906908325176011,0.06985482545352403,0.08883941284535185,-0.019613693638292715,0.047122631236313835,0.002727536297105611
"I would never accept a bribe, even if it were very large.",-0.05001070798087451,0.2887005239118049,-0.10019091208745538,0.050019832288531955,-0.18258644014682585,0.04704073129979465,-0.11880645286055001,-0.026092844627826194,0.12445775614523422,-0.1631534302053337,0.03814528704607569,0.1308326169073493,-0.01854955911137756,0.1639472306107487,0.13894348445514548,0.016774264773253632,0.11873809490611319,0.10803213769144805,0.14452958901636773,-0.052246852881752716,-0.04508142497562226,0.022443090751211432,-0.043008351926554354
I wouldn't pretend to like someone just to get that person to do favors for me.,0.04265229471512022,0.16582652319177718,-0.00417733806976648,0.12594769190371818,-0.0430950382018504,0.006013009602730828,0.09641580550662789,-0.050560067890107196,0.11211366866544416,-0.07089123628371902,0.054345710137953786,0.11490980998792018,-0.018651006792683566,0.24078624228267506,-0.07025005463607256,0.1059953563615774,0.14156773527123365,0.037126019734777256,-0.033368910008380694,-0.05624837935322756,-0.07848217379860517,0.11262936726644979,0.3391507167147338
I wouldn't spend my time reading a book of poetry.,-0.1714723460646507,-0.09939706733091071,-0.18555971081127995,-0.07295667944532791,-0.13960711223612934,0.07407727075962091,0.27712486192440694,-0.007361503888578203,0.10416826364211844,0.08254116697821491,0.11195901514196213,-0.07109051698289166,0.25943134293482534,-0.07049327587416464,-0.038859635236453666,0.038135413532659604,-0.12248760584531737,0.1198564766570624,-0.1250545083397286,-0.04250719232565841,0.02907036718303876,0.05565970977875319,0.03837310849698255
"I wouldn't use flattery to get a raise or promotion at work, even if I thought it would succeed.",-0.10477214266812902,-0.11091047543697898,-0.009681680733022014,0.3553738911750293,-0.09528745379762077,0.19788782943389877,-0.002007395040414717,0.06770014456389578,-0.19549647688314128,0.062350340115151656,-0.08899615712622094,-0.12044769792156236,0.10677121251782226,0.23539336459083698,-0.012627960628974803,-0.057569448970331956,0.007992269003403362,0.04350022344775961,-0.01764443065956539,-0.05769174840079467,0.09933225687840415,-0.005404279902390788,0.09325204818166533
I wouldn’t want people to treat me as though I were superior to them.,-0.019470255249592453,-0.12641539034946864,-0.0898026232808892,-0.21203000397482033,0.171310267076679,-0.11051799950128093,-0.13601207883893712,0.07700059226314002,0.12042684350237912,0.32595378057553653,0.07050616868778409,0.08118650070913794,0.14539753095624164,-0.006953977631157873,-0.00928658294897728,0.07031924419757334,-0.05902047338631394,0.01614629247602909,0.01696483823350807,-0.04016588985643424,0.025493223056631303,0.09467635917190215,0.04333785049646017
I'm interested in learning about the history and politics of other countries.,0.10027672762964836,0.023428373362158757,-0.13075742738609725,-0.05337203723932079,0.016099452543273367,0.04607348332656025,-0.04193099148144763,0.13338072761239597,-0.012199135935952473,0.021038102097136174,-0.09649245857457674,0.09093223436944799,0.027148381316646843,0.07604494618961431,0.1334958115865165,-0.1189011609439558,-0.03190468251506702,0.042079053260818455,-0.15542750250684975,-0.029567059190269217,0.004410961233428452,-0.04231103455128484,0.00037804640377590344
"If I had the opportunity, I would like to attend a classical music concert.",0.1118404837966766,0.04407190909060105,-0.02549856419306651,0.021727173701352187,0.06894870040502464,0.26290959946373177,0.0011637346891194315,0.1072769647865068,-0.07711063313639145,-0.04586941860554486,-0.05641481653914051,-0.20390991154356883,-0.05872809663284009,0.09614324985231847,0.007920090676933531,0.11623873195938021,-0.04148928367377453,-0.05432069936377682,-0.16743311332970562,0.02539134906786233,0.003400087889173689,0.16250849365398057,-0.04965412518614672
"If I knew that I could never get caught, I would be willing to steal a million dollars.",0.0651243388288109,-0.1238755065565748,0.058786381215782876,-0.13584082299283765,0.18026728740421316,0.10402385778229316,0.033065074332454716,0.1253001814803456,-0.1475300479177613,-0.02086883433599825,0.22774156164601025,-0.046646330353367314,-0.16467116438605459,0.21627520727105304,-0.00923261949195624,-0.10245484100513176,-0.12407502560206456,-0.1513199918584546,0.21870357160764792,0.08278551346644872,-0.21363507713830707,0.11361662830395745,0.04564762556279662
"If I want something from a person I dislike, I will act very nicely toward that person in order to get it.",-0.03333073741013754,-0.06165765297953753,-0.07225025423564886,0.16721610052694857,-0.05469129057786453,-0.12432096441447009,-0.18688437086760418,0.19244466919728792,-0.022447456006234327,0.05133149256108123,0.10283566377832415,0.09382783489818587,-0.09011086253636538,0.0004012856320094004,-0.04906541336037952,0.08257897207601601,0.1503108219964768,-0.17896152943211863,-0.04934052746192919,0.04491672131022995,0.0941814370677637,0.21752035490630028,-0.10588619143870262
"If I want something from someone, I will laugh at that person's worst jokes.",0.13442660773149032,-0.23659448197426447,-0.15684203625119394,0.007586906378966612,0.20678420794169267,0.09768596052238908,-0.208957411941756,0.19293343185767597,0.03333030672933739,-0.31262016155751,-0.056352348166360984,0.04697056333411128,0.28606284690660627,0.04141671731976881,0.04487286503077273,0.014094569949633136,0.0031788049322611423,-0.03695781265959728,-0.03510808317738183,0.038474726579192826,-0.03418619093335102,0.07375283964316802,0.04643680332109559
"If someone has cheated me once, I will always feel suspicious of that person.",0.11130418509914428,-0.03347690563503224,-0.10039953157972215,-0.09382560307788836,0.10525933099714274,0.015033451721411817,-0.015627799949145215,0.018270847711245895,-0.05184109660449674,-0.015398496343068606,-0.08528784037720298,-0.10468165152578696,0.022159751047849553,0.09221772960256215,-0.040215116040963526,-0.14465945904883892,-0.10865615404687652,0.12266981906911742,0.08251432395667153,-0.13404732723766116,-0.08572901429447925,-0.0028500503960320104,0.026437326210964566
"In social situations, I'm usually the one who makes the first move.",0.03179312240097285,0.017789724010231846,0.1322853317586291,0.012125426899404353,0.07088496798086669,0.06733906762426758,0.008363629989107535,0.11292689730146332,-0.023916127012254422,-0.0992676994843784,0.004705700302848147,0.10014562048581062,-0.028177445154832247,0.030168491186536882,-0.09820216066125126,0.14846890708096688,0.07308456296850409,-0.002481254379809446,0.13677899196620727,0.011710076931799988,-0.14323126305749814,-0.037233796171028684,0.025991572314631863
It wouldn’t bother me to harm someone I didn’t like.,0.013033459537768768,-0.06351609266893227,0.09927201371614962,0.01217665622777108,0.043003550358623625,-0.02793330362642736,-0.13792350600404887,0.007525941355555816,0.12255825120278604,0.17666210187319514,0.009010772067054527,0.14628263208433817,-0.0008730624727699176,0.001520260417550711,0.02547839529310911,-0.21140368383591696,0.049398941696085344,0.0348052722139342,0.23400396165006934,0.16916496734815503,0.00659380287368603,-0.17946072770264943,0.044389490588345064
"I’d be tempted to use counterfeit money, if I were sure I could get away with it.",-0.04747088059168456,-0.052521510638056566,-0.0265041593817412,-0.020475876625089196,0.11765889190001558,-0.04271161717373039,-0.10149728670430455,0.013463463877624232,0.0108280589839067,0.11969240244947675,-0.04670744542134705,-0.06369082437702898,-0.06660646487981749,0.08197776910600481,0.27737296975179354,-0.2293158745253905,-0.14423094544019538,-0.04513568051628231,0.07608999774637976,-0.090821821402647,0.05620033365827443,0.08289022599931908,0.10571929755199001
I’ve never really enjoyed looking through an encyclopedia.,0.018000798016156786,-0.11389828612321204,-0.16607003333903367,0.1361250539737397,-0.00875505912487211,-0.045095190345295987,0.007967566386063956,-0.21304868041411607,-0.07420864920076813,-0.01551345947132409,0.2873773545617929,-0.06397976212903285,0.2640520028519578,0.038186655697690995,-0.1520205583860367,-0.09250376811548654,0.27407504603181254,0.145489051239475,0.0741082750722995,0.1551935205400983,-0.186829659883745,0.052140712198213306,-0.2035182505094473
Most people are more upbeat and dynamic than I generally am.,-0.04655587949642107,-0.10896842081555742,0.07560422998119597,-0.18427893782032892,-0.15519446675168255,0.08666149455757335,0.03536330951963539,0.027155783472267905,0.014537394600413672,-0.20848657114443225,0.08174020669422744,-0.23231429739245404,0.05122418486993308,-0.07602123926161546,0.25654784676558534,0.0007272119003802055,0.15318243525594247,-0.12347571320231002,-0.09826724092937825,0.016676979389241446,0.0646623742899172,-0.132670227852837,-0.0664227820482769
Most people tend to get angry more quickly than I do.,-0.09728099341284209,0.07544166513454229,-0.18433089453472712,-0.011000964460230349,-0.12203120197727577,0.08337476091727081,-0.062051341482415576,-0.05067707201626837,0.008804465848848073,0.14048935587956052,0.226268560625717,-0.004567537121932898,0.07981270822956915,0.08067939374974338,-0.10249916545185493,0.015261873183979766,-0.18210455443323467,0.06346269744302485,-0.06710679081694684,0.0538557730036444,0.05531331248438448,-0.07599507570158859,-0.12921733479561898
"My attitude toward people who have treated me badly is ""forgive and forget"".",0.12330931300963725,0.06171444625757487,-0.0325278228590501,-0.05942245587642048,-0.06770797522825761,0.18061157053191285,-0.16521083748118684,0.03476878578443069,-0.0982114892787835,0.009251887208030178,0.036875813020326956,-0.13250524779342657,-0.036373310963063704,-0.04419296399621089,0.019745368991677174,0.11247258012751485,0.04418255972925755,0.009141075159144538,0.14056097684557656,0.13304432916044526,0.02001655954007517,-0.05675236166988624,-0.05078972351584842
"Often when I set a goal, I end up quitting without having reached it.",0.006217258887835488,-0.21615592340912163,-0.1254193389548947,0.08986926800497552,-0.19967030400258204,0.004420204602390933,0.08690960702999175,0.06263656808404536,-0.03716604441163483,0.1548714958622405,-0.08049351671023591,0.07646889754638228,-0.11533674251393927,0.07988984511989976,0.16768569064929942,-0.1421414530955048,0.1183339097461094,0.049915824302327466,0.1379764786685362,-0.0911071807815633,0.054801768131015886,-0.0851182911634436,-0.07582382322652936
"On most days, I feel cheerful and optimistic.",0.08173155243979456,0.04669690498858246,-0.07979973806308109,0.012116612450373841,-0.06813004015301335,-0.010513769974615292,-0.013866745227412448,-0.10313268517730008,0.003586350900866448,0.01498571207738421,0.09884361225487481,0.0540029218412274,-0.13234325065267624,0.048659421466675505,-0.1362733116066274,0.062374626881655945,-0.10553492186945167,-0.06077822863898439,-0.11940328016387418,0.2776271270372463,-0.04365918469871327,-0.00975783291668347,0.08627575526536795
People have often told me that I have a good imagination.,0.10433212220606103,0.04514910624505293,-0.03456498828768546,-0.09187264904740954,0.07952189395653816,-0.055405639158343775,-0.060329475939029174,0.014510472461617296,-0.006141779293492025,-0.20797674757698903,-0.02301535307325397,0.1124242171029572,0.08390696082532549,0.15384605262771833,-0.09029215900206398,-0.10225056551820588,-0.05715442882406871,0.03695743068246755,0.009343130228868683,-0.05977078753652426,0.13777603479524603,-0.1563658381206578,-0.060370145286450655
People often call me a perfectionist.,-0.019031162615160697,-0.14266291969393358,-0.0821706463225854,-0.13412368582086118,-0.1239183223832893,0.025933640463032117,0.11075832154721431,-0.1407204517803859,-0.03813240083842931,-0.13010754462814333,-0.22603040028994908,0.06147061846683855,-0.0033359103396500083,-0.11722899612653678,-0.034045747335413,0.024160164328007834,-0.07363855780283694,0.036948886384645156,-0.058627893527634645,0.1156375668964593,-0.18391151863325042,0.0939128923440267,-0.08450322868230119
People often joke with me about the messiness of my room or desk.,0.15082014904977645,0.02377924922813232,-0.07753164762042473,-0.06855476762448362,-0.02600519417204091,0.14107300149286262,-0.12470976877220721,-0.15584478910588115,0.0775998759559708,-0.05075158669717814,0.08257633822474283,-0.020814661715363246,-0.010573928180926177,0.09745767835775215,0.20178129579022294,-0.08327062630788412,0.08849415871584788,-0.08741032845905368,-0.0886682851614631,-0.12933478407609592,-0.031221437302022734,0.018891477147643113,0.05288712177376173
People often tell me that I should try to cheer up.,0.06842793233099664,-0.13262139744385593,0.009613847826158813,-0.017294996498220725,-0.15077461855890747,0.29096412162791785,-0.24123760395449945,-0.13617071013903914,0.05669011524774652,-0.11715390580998973,0.04395581656847104,0.048062883001003434,-0.10798559528264828,-0.1287126023286569,0.014317982637888478,0.1407913424581363,-0.12119228134698476,0.1448797343088044,-0.0101965610356209,0.018062777561043467,-0.08737369547563656,0.11556727233811397,0.0888386425262501
People see me as a hard-hearted person.,0.04336824966399358,0.03206740459718656,0.10200064837452066,-0.08255167570311812,-0.15344718540973806,-0.2277828476161781,-0.06122273406909368,0.11911538827157599,-0.17285993432393085,0.04132769154841717,0.08499066491593757,0.07212651565504667,0.1683515684592573,0.06720113402180827,0.04336736294393644,0.047735646257324967,0.0007181141793526602,0.02657266036059464,-0.10077048684661818,-0.033460678608438155,0.0498884697531159,0.03161292408592424,-0.010987697003146989
People sometimes tell me that I am too critical of others.,-0.028302684341951417,-0.16378297862685615,-0.06706498648463748,0.16243548278876638,0.02542007627069081,0.05450106072534413,-0.1928169398080357,-0.03340604696555249,0.020641091592120086,0.1549221796501137,-0.1595640381209389,0.022910256890946203,-0.040348480987937016,-0.05217037401972355,0.06540457519628058,-0.06647358243269405,-0.029115679779046975,-0.12493189988909845,-0.048751344882210085,0.03439328278450899,0.0047707517606088035,0.11197557770500417,0.0407444217773016
People sometimes tell me that I'm too stubborn.,0.0062298662171994396,-0.11359258097719899,-0.15227974717369736,-0.013070986881316679,-0.05664348036847635,-0.04389109081904694,0.02719490864806244,0.009987763889371573,-0.03047785960725073,-0.030070916299036913,0.024971492867522888,-0.0929322006328264,0.0033638107289964947,0.12112334161484058,-0.00045606287081578425,-0.060207552843554175,0.1066157665055089,-0.11333922183179178,-0.08544733609984723,0.15402411870822752,-0.12743702433722648,0.09024469616031755,-0.09286780532123283
People think of me as someone who has a quick temper.,0.028224096786635375,-0.0849393838126151,0.17149176656734202,0.011468519820765992,-0.11582740190951324,-0.11302568936513491,0.11898431722995934,0.0058075695104947535,0.026588769922607808,-0.04206432201694803,-0.03916582413395754,0.11827386799623679,-0.16690942597905145,0.0692692416112174,-0.016416931961923287,-0.1140153175061939,-0.017564658127126636,0.043328045074007636,0.048048592653512516,0.09381719159227148,0.02272708161559788,-0.030845072072500077,0.147125716807567
Sometimes I like to just watch the wind as it blows through the trees.,0.06571450427232318,0.05194663584847624,-0.06699204640294044,0.026011443129675415,-0.01684940497326918,0.04070790534723484,0.04291306229712733,0.03573543410294962,-0.02293267776444707,0.042187927512608886,0.05237998624682495,0.05620240575691063,-0.03937463136150143,-0.0008493241662258598,0.017540710010445635,0.04416860247960952,-0.05715471203272907,-0.04745657975808983,0.0021792895691226544,-0.0061880838532948875,-0.005927170164722441,-0.01735683541599298,0.014879236670725302
The first thing that I always do in a new place is to make friends.,0.06393309283862157,-0.1053367591188658,-0.02716801689495891,-0.01406455528965925,-0.13328573989252832,-0.1781092720848916,-0.11087181142676364,-0.010725834648798,0.0689743427972547,-0.18803665676745582,0.1425884694729068,0.03629081738597273,-0.07007879264732304,0.05538976092021856,0.14665171561649284,0.11329879531160438,-0.09572965944398662,-0.10891471436180603,-0.016053404456941596,0.10205497148319938,-0.005878830941986477,0.11036391427955781,-0.008766562130493595
"When I suffer from a painful experience, I need someone to make me feel comfortable.",0.07361004543449826,0.05278527725785848,-0.13834384595868263,0.028631363125749126,-0.009171919427330937,0.01471077001270637,0.05320056327920093,0.03524634188747083,0.038929302967518245,0.10816267622309876,-0.12270036461044248,0.0009210373476435461,0.01886057058412241,-0.04126370610336079,-0.04266276987950589,0.01005939808622632,0.09675296768883956,0.01020639025902704,0.0040709644154209015,0.060139325955257505,-0.020667462752746793,-0.027088948451825044,0.058032203148372194
"When I'm in a group of people, I'm often the one who speaks on behalf of the group.",0.17569546677611805,-0.13037430179329104,0.09786671191233622,-0.02193048238095284,-0.04949878838199112,0.10433930164368109,0.13462921552945112,-0.16804102869187984,-0.0812116218994857,-0.01569274570966829,0.06169139772967611,0.021623108309519475,0.04350307309876215,-0.19769434981392373,0.029120400970800302,0.10752491360917597,-0.13220321729368403,-0.020282844591846875,0.25718265717818667,-0.03248662021410677,-0.020738081248456677,-0.0350956583379624,0.1643965230774843
"When it comes to physical danger, I am very fearful.",0.1447818488468793,0.08292951333330192,-0.23609504388019448,-0.0914111891639882,-0.17139016412828437,0.1013046842003097,0.20790299420853334,0.04276565833686666,0.08298982534708939,-0.0905995966119986,0.035827093317139846,0.05976340918177619,0.055757156830546314,0.08130228545290939,0.11545965827781798,-0.09387904191537881,-0.09765733702402013,0.022255991675630738,0.10127166398132413,-0.07660048246462921,0.15559867089606988,0.04231412301883365,0.024605242372285622
"When people tell me that I’m wrong, my first reaction is to argue with them.",-0.025987628271594634,-0.17130299174527938,-0.15115192386271714,-0.07962134097463346,-0.052127949091573915,-0.023019061095782677,0.10121663597613423,-0.017427540512231353,-0.21406626411009352,0.188549474223267,-0.13658342687613675,0.08667774525228925,0.005519866133395155,0.12096211866746737,0.09132225334747329,0.32510316237031095,0.06864930993290776,-0.1863076605554522,0.007695143925409106,0.06048197546489659,-0.030812052313854744,-0.08690263853436156,-0.003923065907932549
"When someone I know well is unhappy, I can almost feel that person's pain myself.",0.1084246814267981,-0.017307067997776353,-0.04573039996348546,-0.014216070982250214,0.05952146469168901,0.021455567707790228,0.04153243832542097,-0.03171393100726536,0.02645775562145566,-0.05189310381506853,-0.09129318557253512,-0.0427801861479485,-0.0012750247326347947,-0.06516110829319435,-0.0386659707369581,-0.019658128776525754,0.040734065255303244,0.041853189078168415,-0.014101804005601144,-0.008567116523294848,0.019884459072722613,0.005153386164838141,0.00924433315179056
"When working on something, I don't pay much attention to small details.",-0.016437380962681672,-0.057206526196272284,0.20543803297326843,-0.06946002258953553,-0.11449515801758611,0.22454672244057522,0.09597793059444193,0.06652232142378284,-0.0270196957081886,0.03235793945029246,0.1083503510791419,0.09692274766399862,0.13439737991338466,0.16267013201861705,-0.042552908165334045,-0.029785036035837084,0.10562086520805052,-0.07452175031177445,-0.0151855014344262,-0.24559589200665724,-0.08206089131326207,0.006600739615056089,-0.130243552125784
"When working, I often set ambitious goals for myself.",0.08375195215541338,0.02490454862085228,-0.07352474667139632,-0.07124970792437792,0.04350575943059352,-0.057478553229813746,-0.05750777534909073,0.05713822348645312,-0.012698689552086195,-0.023929025622081875,-0.06301924183360248,-0.014909168875064244,0.0842265051820935,-0.069513650586592,-0.006006540449604568,0.03745864894547297,0.010686565925766276,0.08703346611947435,-0.03620624298873221,-0.04611356784317174,0.006548770888860533,-0.015818116926675337,0.0008200685490659807
"When working, I sometimes have difficulties due to being disorganized.",-0.07788481149620365,-0.0035439573013075552,-0.141495418018628,-0.04070328278523992,-0.06416212153914923,0.03983807477257062,-0.05775096409906501,0.023247583641420537,-0.09435768361123849,0.01217850151344161,0.17498828340853403,-0.06482706415709258,0.08376257798018198,0.15097071366509962,-0.20213713345747214,-0.09470393944122436,-0.007223132929906481,-0.10576791132852356,-0.07046904937481659,-0.06864470082628128,0.08476450044626141,0.07889659422048402,0.05798984772353205
"Whenever I feel worried about something, I want to share my concern with another person.",-0.09528719160828482,0.03532607093360066,-0.05843937007939687,0.024329941202322958,-0.0372089774690554,0.024134222804475917,0.023809770006103414,0.06523440620964077,0.002304974255123958,0.01399748438783934,0.004915700295596122,0.11243891190817697,-0.028495847686947965,-0.008998204469439828,0.024877759566452214,0.05553831927554657,-0.0030316479146396827,-0.01831859452924364,-0.018361870733524188,0.03654997436016909,-0.010607667891562174,-0.04684889002283998,-0.010916700626169432
